timestamp,switch_id,port_no,tx_bytes,rx_bytes,tx_kbps,rx_kbps,tx_errors,rx_errors,is_congested
1780684925,1,1,516,516,0.0,0.0,0,0,0
1780684925,1,2,516,516,0.0,0.0,0,0,0
1780684925,3,1,516,516,0.0,0.0,0,0,0
1780684925,3,2,516,516,0.0,0.0,0,0,0
1780684925,2,1,516,516,0.0,0.0,0,0,0
1780684925,2,2,516,516,0.0,0.0,0,0,0
1780684925,2,3,516,516,0.0,0.0,0,0,0
1780684930,1,1,586,586,0.11,0.11,0,0,0
1780684930,1,2,586,586,0.11,0.11,0,0,0
1780684930,3,1,586,586,0.11,0.11,0,0,0
1780684930,3,2,586,586,0.11,0.11,0,0,0
1780684930,2,1,586,586,0.11,0.11,0,0,0
1780684930,2,2,586,586,0.11,0.11,0,0,0
1780684930,2,3,586,586,0.11,0.11,0,0,0
1780684935,1,1,656,656,0.11,0.11,0,0,0
1780684935,1,2,656,656,0.11,0.11,0,0,0
1780684935,3,1,656,656,0.11,0.11,0,0,0
1780684935,3,2,656,656,0.11,0.11,0,0,0
1780684935,2,1,656,656,0.11,0.11,0,0,0
1780684935,2,2,656,656,0.11,0.11,0,0,0
1780684935,2,3,656,656,0.11,0.11,0,0,0
1780684940,1,1,656,656,0.0,0.0,0,0,0
1780684940,1,2,656,656,0.0,0.0,0,0,0
1780684940,3,1,656,656,0.0,0.0,0,0,0
1780684940,3,2,656,656,0.0,0.0,0,0,0
1780684940,2,1,656,656,0.0,0.0,0,0,0
1780684940,2,2,656,656,0.0,0.0,0,0,0
1780684940,2,3,656,656,0.0,0.0,0,0,0
1780684945,1,1,656,656,0.0,0.0,0,0,0
1780684945,1,2,656,656,0.0,0.0,0,0,0
1780684945,2,1,656,656,0.0,0.0,0,0,0
1780684945,2,2,656,656,0.0,0.0,0,0,0
1780684945,2,3,656,656,0.0,0.0,0,0,0
1780684945,3,1,656,656,0.0,0.0,0,0,0
1780684945,3,2,656,656,0.0,0.0,0,0,0
1780684950,1,1,656,656,0.0,0.0,0,0,0
1780684950,1,2,656,656,0.0,0.0,0,0,0
1780684950,2,1,726,726,0.11,0.11,0,0,0
1780684950,2,2,656,656,0.0,0.0,0,0,0
1780684950,2,3,656,726,0.0,0.11,0,0,0
1780684950,3,1,726,726,0.11,0.11,0,0,0
1780684950,3,2,726,656,0.11,0.0,0,0,0
1780684955,1,1,726,726,0.11,0.11,0,0,0
1780684955,1,2,726,726,0.11,0.11,0,0,0
1780684955,2,1,726,726,0.0,0.0,0,0,0
1780684955,2,2,726,726,0.11,0.11,0,0,0
1780684955,2,3,726,726,0.11,0.0,0,0,0
1780684955,3,1,726,726,0.0,0.0,0,0,0
1780684955,3,2,726,726,0.0,0.11,0,0,0
1780684960,1,1,726,726,0.0,0.0,0,0,0
1780684960,1,2,726,726,0.0,0.0,0,0,0
1780684960,3,1,726,726,0.0,0.0,0,0,0
1780684960,3,2,726,726,0.0,0.0,0,0,0
1780684960,2,1,726,726,0.0,0.0,0,0,0
1780684960,2,2,726,726,0.0,0.0,0,0,0
1780684960,2,3,726,726,0.0,0.0,0,0,0
1780684965,3,1,726,726,0.0,0.0,0,0,0
1780684965,3,2,726,726,0.0,0.0,0,0,0
1780684965,1,1,726,726,0.0,0.0,0,0,0
1780684965,1,2,726,726,0.0,0.0,0,0,0
1780684965,2,1,726,726,0.0,0.0,0,0,0
1780684965,2,2,726,726,0.0,0.0,0,0,0
1780684965,2,3,726,726,0.0,0.0,0,0,0
1780684970,1,1,726,726,0.0,0.0,0,0,0
1780684970,1,2,726,726,0.0,0.0,0,0,0
1780684970,3,1,726,726,0.0,0.0,0,0,0
1780684970,3,2,726,726,0.0,0.0,0,0,0
1780684970,2,1,726,726,0.0,0.0,0,0,0
1780684970,2,2,726,726,0.0,0.0,0,0,0
1780684970,2,3,726,726,0.0,0.0,0,0,0
1780684975,1,1,726,726,0.0,0.0,0,0,0
1780684975,1,2,726,726,0.0,0.0,0,0,0
1780684975,2,1,726,726,0.0,0.0,0,0,0
1780684975,2,2,726,726,0.0,0.0,0,0,0
1780684975,2,3,726,726,0.0,0.0,0,0,0
1780684975,3,1,726,726,0.0,0.0,0,0,0
1780684975,3,2,726,726,0.0,0.0,0,0,0
1780684980,1,1,726,726,0.0,0.0,0,0,0
1780684980,1,2,726,726,0.0,0.0,0,0,0
1780684980,3,1,796,796,0.11,0.11,0,0,0
1780684980,3,2,796,726,0.11,0.0,0,0,0
1780684980,2,1,726,796,0.0,0.11,0,0,0
1780684980,2,2,726,726,0.0,0.0,0,0,0
1780684980,2,3,726,796,0.0,0.11,0,0,0
1780684985,1,1,796,726,0.11,0.0,0,0,0
1780684985,1,2,726,796,0.0,0.11,0,0,0
1780684985,3,1,796,922,0.0,0.2,0,0,0
1780684985,3,2,796,726,0.0,0.0,0,0,0
1780684985,2,1,796,796,0.11,0.0,0,0,0
1780684985,2,2,796,726,0.11,0.0,0,0,0
1780684985,2,3,726,796,0.0,0.0,0,0,0
1780684990,1,1,796,796,0.0,0.11,0,0,0
1780684990,1,2,796,796,0.11,0.0,0,0,0
1780684990,3,1,796,922,0.0,0.0,0,0,0
1780684990,3,2,796,796,0.0,0.11,0,0,0
1780684990,2,1,796,796,0.0,0.0,0,0,0
1780684990,2,2,796,796,0.0,0.11,0,0,0
1780684990,2,3,796,796,0.11,0.0,0,0,0
1780684995,1,1,796,796,0.0,0.0,0,0,0
1780684995,1,2,796,796,0.0,0.0,0,0,0
1780684995,3,1,796,922,0.0,0.0,0,0,0
1780684995,3,2,796,796,0.0,0.0,0,0,0
1780684995,2,1,796,796,0.0,0.0,0,0,0
1780684995,2,2,796,796,0.0,0.0,0,0,0
1780684995,2,3,796,796,0.0,0.0,0,0,0
1780685000,3,1,796,922,0.0,0.0,0,0,0
1780685000,3,2,796,796,0.0,0.0,0,0,0
1780685000,1,1,796,796,0.0,0.0,0,0,0
1780685000,1,2,796,796,0.0,0.0,0,0,0
1780685000,2,1,796,796,0.0,0.0,0,0,0
1780685000,2,2,796,796,0.0,0.0,0,0,0
1780685000,2,3,796,796,0.0,0.0,0,0,0
1780685005,1,1,796,796,0.0,0.0,0,0,0
1780685005,1,2,796,796,0.0,0.0,0,0,0
1780685005,2,1,796,796,0.0,0.0,0,0,0
1780685005,2,2,796,796,0.0,0.0,0,0,0
1780685005,2,3,796,796,0.0,0.0,0,0,0
1780685005,3,1,796,922,0.0,0.0,0,0,0
1780685005,3,2,796,796,0.0,0.0,0,0,0
1780685010,1,1,796,796,0.0,0.0,0,0,0
1780685010,1,2,796,796,0.0,0.0,0,0,0
1780685010,2,1,796,796,0.0,0.0,0,0,0
1780685010,2,2,796,796,0.0,0.0,0,0,0
1780685010,2,3,796,796,0.0,0.0,0,0,0
1780685010,3,1,796,922,0.0,0.0,0,0,0
1780685010,3,2,796,796,0.0,0.0,0,0,0
1780685015,3,1,796,922,0.0,0.0,0,0,0
1780685015,3,2,796,796,0.0,0.0,0,0,0
1780685015,2,1,796,796,0.0,0.0,0,0,0
1780685015,2,2,796,796,0.0,0.0,0,0,0
1780685015,2,3,796,796,0.0,0.0,0,0,0
1780685015,1,1,796,796,0.0,0.0,0,0,0
1780685015,1,2,796,796,0.0,0.0,0,0,0
1780685020,1,1,796,796,0.0,0.0,0,0,0
1780685020,1,2,796,796,0.0,0.0,0,0,0
1780685020,2,1,796,796,0.0,0.0,0,0,0
1780685020,2,2,796,796,0.0,0.0,0,0,0
1780685020,2,3,796,796,0.0,0.0,0,0,0
1780685020,3,1,796,922,0.0,0.0,0,0,0
1780685020,3,2,796,796,0.0,0.0,0,0,0
1780685025,1,1,796,796,0.0,0.0,0,0,0
1780685025,1,2,796,796,0.0,0.0,0,0,0
1780685025,2,1,796,796,0.0,0.0,0,0,0
1780685025,2,2,796,796,0.0,0.0,0,0,0
1780685025,2,3,796,796,0.0,0.0,0,0,0
1780685025,3,1,796,922,0.0,0.0,0,0,0
1780685025,3,2,796,796,0.0,0.0,0,0,0
1780685030,1,1,796,796,0.0,0.0,0,0,0
1780685030,1,2,796,796,0.0,0.0,0,0,0
1780685030,2,1,796,796,0.0,0.0,0,0,0
1780685030,2,2,796,796,0.0,0.0,0,0,0
1780685030,2,3,796,796,0.0,0.0,0,0,0
1780685030,3,1,796,922,0.0,0.0,0,0,0
1780685030,3,2,796,796,0.0,0.0,0,0,0
1780685035,1,1,796,796,0.0,0.0,0,0,0
1780685035,1,2,796,796,0.0,0.0,0,0,0
1780685035,2,1,796,866,0.0,0.11,0,0,0
1780685035,2,2,796,796,0.0,0.0,0,0,0
1780685035,2,3,796,796,0.0,0.0,0,0,0
1780685035,3,1,796,922,0.0,0.0,0,0,0
1780685035,3,2,796,796,0.0,0.0,0,0,0
1780685040,1,1,796,796,0.0,0.0,0,0,0
1780685040,1,2,796,796,0.0,0.0,0,0,0
1780685040,2,1,796,866,0.0,0.0,0,0,0
1780685040,2,2,796,796,0.0,0.0,0,0,0
1780685040,2,3,796,796,0.0,0.0,0,0,0
1780685040,3,1,866,992,0.11,0.11,0,0,0
1780685040,3,2,796,796,0.0,0.0,0,0,0
1780685045,3,1,866,992,0.0,0.0,0,0,0
1780685045,3,2,866,796,0.11,0.0,0,0,0
1780685045,1,1,796,796,0.0,0.0,0,0,0
1780685045,1,2,796,796,0.0,0.0,0,0,0
1780685045,2,1,866,866,0.11,0.0,0,0,0
1780685045,2,2,796,796,0.0,0.0,0,0,0
1780685045,2,3,796,866,0.0,0.11,0,0,0
1780685050,1,1,866,866,0.11,0.11,0,0,0
1780685050,1,2,796,796,0.0,0.0,0,0,0
1780685050,3,1,866,992,0.0,0.0,0,0,0
1780685050,3,2,866,796,0.0,0.0,0,0,0
1780685050,2,1,866,866,0.0,0.0,0,0,0
1780685050,2,2,796,796,0.0,0.0,0,0,0
1780685050,2,3,796,866,0.0,0.0,0,0,0
1780685055,1,1,866,866,0.0,0.0,0,0,0
1780685055,1,2,866,866,0.11,0.11,0,0,0
1780685055,2,1,866,866,0.0,0.0,0,0,0
1780685055,2,2,866,866,0.11,0.11,0,0,0
1780685055,2,3,866,866,0.11,0.0,0,0,0
1780685055,3,1,866,992,0.0,0.0,0,0,0
1780685055,3,2,866,866,0.0,0.11,0,0,0
1780685060,1,1,866,866,0.0,0.0,0,0,0
1780685060,1,2,866,866,0.0,0.0,0,0,0
1780685060,3,1,866,992,0.0,0.0,0,0,0
1780685060,3,2,866,866,0.0,0.0,0,0,0
1780685060,2,1,866,866,0.0,0.0,0,0,0
1780685060,2,2,866,866,0.0,0.0,0,0,0
1780685060,2,3,866,866,0.0,0.0,0,0,0
1780685065,3,1,866,992,0.0,0.0,0,0,0
1780685065,3,2,866,866,0.0,0.0,0,0,0
1780685065,1,1,866,866,0.0,0.0,0,0,0
1780685065,1,2,866,866,0.0,0.0,0,0,0
1780685065,2,1,866,866,0.0,0.0,0,0,0
1780685065,2,2,866,866,0.0,0.0,0,0,0
1780685065,2,3,866,866,0.0,0.0,0,0,0
1780685070,1,1,866,866,0.0,0.0,0,0,0
1780685070,1,2,866,866,0.0,0.0,0,0,0
1780685070,3,1,866,992,0.0,0.0,0,0,0
1780685070,3,2,866,866,0.0,0.0,0,0,0
1780685070,2,1,866,866,0.0,0.0,0,0,0
1780685070,2,2,866,866,0.0,0.0,0,0,0
1780685070,2,3,866,866,0.0,0.0,0,0,0
1780685075,1,1,866,866,0.0,0.0,0,0,0
1780685075,1,2,866,866,0.0,0.0,0,0,0
1780685075,2,1,866,866,0.0,0.0,0,0,0
1780685075,2,2,866,866,0.0,0.0,0,0,0
1780685075,2,3,866,866,0.0,0.0,0,0,0
1780685075,3,1,866,992,0.0,0.0,0,0,0
1780685075,3,2,866,866,0.0,0.0,0,0,0
1780685080,1,1,866,866,0.0,0.0,0,0,0
1780685080,1,2,866,866,0.0,0.0,0,0,0
1780685080,3,1,866,992,0.0,0.0,0,0,0
1780685080,3,2,866,866,0.0,0.0,0,0,0
1780685080,2,1,866,866,0.0,0.0,0,0,0
1780685080,2,2,866,866,0.0,0.0,0,0,0
1780685080,2,3,866,866,0.0,0.0,0,0,0
1780685085,1,1,866,866,0.0,0.0,0,0,0
1780685085,1,2,866,866,0.0,0.0,0,0,0
1780685085,3,1,866,992,0.0,0.0,0,0,0
1780685085,3,2,866,866,0.0,0.0,0,0,0
1780685085,2,1,866,866,0.0,0.0,0,0,0
1780685085,2,2,866,866,0.0,0.0,0,0,0
1780685085,2,3,866,866,0.0,0.0,0,0,0
1780685090,1,1,866,866,0.0,0.0,0,0,0
1780685090,1,2,866,866,0.0,0.0,0,0,0
1780685090,2,1,866,866,0.0,0.0,0,0,0
1780685090,2,2,866,866,0.0,0.0,0,0,0
1780685090,2,3,866,866,0.0,0.0,0,0,0
1780685090,3,1,866,992,0.0,0.0,0,0,0
1780685090,3,2,866,866,0.0,0.0,0,0,0
1780685095,1,1,866,866,0.0,0.0,0,0,0
1780685095,1,2,866,866,0.0,0.0,0,0,0
1780685095,2,1,866,866,0.0,0.0,0,0,0
1780685095,2,2,866,866,0.0,0.0,0,0,0
1780685095,2,3,866,866,0.0,0.0,0,0,0
1780685095,3,1,866,992,0.0,0.0,0,0,0
1780685095,3,2,866,866,0.0,0.0,0,0,0
1780685100,1,1,866,866,0.0,0.0,0,0,0
1780685100,1,2,866,866,0.0,0.0,0,0,0
1780685100,2,1,866,866,0.0,0.0,0,0,0
1780685100,2,2,866,866,0.0,0.0,0,0,0
1780685100,2,3,866,866,0.0,0.0,0,0,0
1780685100,3,1,866,992,0.0,0.0,0,0,0
1780685100,3,2,866,866,0.0,0.0,0,0,0
1780685105,1,1,866,866,0.0,0.0,0,0,0
1780685105,1,2,866,866,0.0,0.0,0,0,0
1780685105,3,1,866,992,0.0,0.0,0,0,0
1780685105,3,2,866,866,0.0,0.0,0,0,0
1780685105,2,1,866,866,0.0,0.0,0,0,0
1780685105,2,2,866,866,0.0,0.0,0,0,0
1780685105,2,3,866,866,0.0,0.0,0,0,0
1780685110,1,1,866,866,0.0,0.0,0,0,0
1780685110,1,2,866,866,0.0,0.0,0,0,0
1780685110,2,1,866,866,0.0,0.0,0,0,0
1780685110,2,2,866,866,0.0,0.0,0,0,0
1780685110,2,3,866,866,0.0,0.0,0,0,0
1780685110,3,1,866,992,0.0,0.0,0,0,0
1780685110,3,2,866,866,0.0,0.0,0,0,0
1780685115,3,1,866,992,0.0,0.0,0,0,0
1780685115,3,2,866,866,0.0,0.0,0,0,0
1780685115,1,1,866,866,0.0,0.0,0,0,0
1780685115,1,2,866,866,0.0,0.0,0,0,0
1780685115,2,1,866,866,0.0,0.0,0,0,0
1780685115,2,2,866,866,0.0,0.0,0,0,0
1780685115,2,3,866,866,0.0,0.0,0,0,0
1780685120,1,1,866,866,0.0,0.0,0,0,0
1780685120,1,2,866,866,0.0,0.0,0,0,0
1780685120,2,1,866,866,0.0,0.0,0,0,0
1780685120,2,2,866,866,0.0,0.0,0,0,0
1780685120,2,3,866,866,0.0,0.0,0,0,0
1780685120,3,1,866,992,0.0,0.0,0,0,0
1780685120,3,2,866,866,0.0,0.0,0,0,0
1780685125,1,1,866,866,0.0,0.0,0,0,0
1780685125,1,2,866,866,0.0,0.0,0,0,0
1780685125,2,1,866,866,0.0,0.0,0,0,0
1780685125,2,2,866,866,0.0,0.0,0,0,0
1780685125,2,3,866,866,0.0,0.0,0,0,0
1780685125,3,1,866,992,0.0,0.0,0,0,0
1780685125,3,2,866,866,0.0,0.0,0,0,0
1780685130,1,1,866,866,0.0,0.0,0,0,0
1780685130,1,2,866,866,0.0,0.0,0,0,0
1780685130,2,1,866,866,0.0,0.0,0,0,0
1780685130,2,2,866,866,0.0,0.0,0,0,0
1780685130,2,3,866,866,0.0,0.0,0,0,0
1780685130,3,1,866,992,0.0,0.0,0,0,0
1780685130,3,2,866,866,0.0,0.0,0,0,0
1780685135,1,1,866,866,0.0,0.0,0,0,0
1780685135,1,2,866,866,0.0,0.0,0,0,0
1780685135,2,1,866,866,0.0,0.0,0,0,0
1780685135,2,2,866,866,0.0,0.0,0,0,0
1780685135,2,3,866,866,0.0,0.0,0,0,0
1780685135,3,1,866,992,0.0,0.0,0,0,0
1780685135,3,2,866,866,0.0,0.0,0,0,0
1780685140,1,1,866,866,0.0,0.0,0,0,0
1780685140,1,2,866,866,0.0,0.0,0,0,0
1780685140,3,1,866,992,0.0,0.0,0,0,0
1780685140,3,2,866,866,0.0,0.0,0,0,0
1780685140,2,1,866,866,0.0,0.0,0,0,0
1780685140,2,2,866,866,0.0,0.0,0,0,0
1780685140,2,3,866,866,0.0,0.0,0,0,0
1780685145,1,1,866,866,0.0,0.0,0,0,0
1780685145,1,2,866,866,0.0,0.0,0,0,0
1780685145,2,1,866,866,0.0,0.0,0,0,0
1780685145,2,2,866,866,0.0,0.0,0,0,0
1780685145,2,3,866,866,0.0,0.0,0,0,0
1780685145,3,1,866,992,0.0,0.0,0,0,0
1780685145,3,2,866,866,0.0,0.0,0,0,0
1780685150,1,1,866,866,0.0,0.0,0,0,0
1780685150,1,2,866,866,0.0,0.0,0,0,0
1780685150,3,1,936,992,0.11,0.0,0,0,0
1780685150,3,2,866,866,0.0,0.0,0,0,0
1780685150,2,1,866,866,0.0,0.0,0,0,0
1780685150,2,2,866,866,0.0,0.0,0,0,0
1780685150,2,3,866,866,0.0,0.0,0,0,0
1780685155,1,1,866,866,0.0,0.0,0,0,0
1780685155,1,2,866,866,0.0,0.0,0,0,0
1780685155,3,1,936,992,0.0,0.0,0,0,0
1780685155,3,2,866,866,0.0,0.0,0,0,0
1780685155,2,1,866,936,0.0,0.11,0,0,0
1780685155,2,2,866,866,0.0,0.0,0,0,0
1780685155,2,3,866,866,0.0,0.0,0,0,0
1780685160,1,1,866,866,0.0,0.0,0,0,0
1780685160,1,2,866,866,0.0,0.0,0,0,0
1780685160,2,1,866,936,0.0,0.0,0,0,0
1780685160,2,2,866,866,0.0,0.0,0,0,0
1780685160,2,3,866,866,0.0,0.0,0,0,0
1780685160,3,1,936,1062,0.0,0.11,0,0,0
1780685160,3,2,866,866,0.0,0.0,0,0,0
1780685165,1,1,866,866,0.0,0.0,0,0,0
1780685165,1,2,866,866,0.0,0.0,0,0,0
1780685165,3,1,936,1062,0.0,0.0,0,0,0
1780685165,3,2,936,866,0.11,0.0,0,0,0
1780685165,2,1,866,936,0.0,0.0,0,0,0
1780685165,2,2,866,866,0.0,0.0,0,0,0
1780685165,2,3,866,936,0.0,0.11,0,0,0
1780685170,3,1,936,1062,0.0,0.0,0,0,0
1780685170,3,2,936,866,0.0,0.0,0,0,0
1780685170,1,1,866,866,0.0,0.0,0,0,0
1780685170,1,2,866,866,0.0,0.0,0,0,0
1780685170,2,1,866,936,0.0,0.0,0,0,0
1780685170,2,2,866,866,0.0,0.0,0,0,0
1780685170,2,3,866,936,0.0,0.0,0,0,0
1780685175,3,1,936,1062,0.0,0.0,0,0,0
1780685175,3,2,936,866,0.0,0.0,0,0,0
1780685175,1,1,866,866,0.0,0.0,0,0,0
1780685175,1,2,866,866,0.0,0.0,0,0,0
1780685175,2,1,936,936,0.11,0.0,0,0,0
1780685175,2,2,866,866,0.0,0.0,0,0,0
1780685175,2,3,866,936,0.0,0.0,0,0,0
1780685180,1,1,936,936,0.11,0.11,0,0,0
1780685180,1,2,866,866,0.0,0.0,0,0,0
1780685180,3,1,936,1062,0.0,0.0,0,0,0
1780685180,3,2,936,936,0.0,0.11,0,0,0
1780685180,2,1,936,936,0.0,0.0,0,0,0
1780685180,2,2,866,866,0.0,0.0,0,0,0
1780685180,2,3,936,936,0.11,0.0,0,0,0
1780685185,1,1,936,936,0.0,0.0,0,0,0
1780685185,1,2,936,866,0.11,0.0,0,0,0
1780685185,3,1,936,1062,0.0,0.0,0,0,0
1780685185,3,2,936,936,0.0,0.0,0,0,0
1780685185,2,1,936,936,0.0,0.0,0,0,0
1780685185,2,2,866,936,0.0,0.11,0,0,0
1780685185,2,3,936,936,0.0,0.0,0,0,0
1780685190,1,1,936,936,0.0,0.0,0,0,0
1780685190,1,2,936,866,0.0,0.0,0,0,0
1780685190,2,1,936,936,0.0,0.0,0,0,0
1780685190,2,2,866,936,0.0,0.0,0,0,0
1780685190,2,3,936,936,0.0,0.0,0,0,0
1780685190,3,1,936,1062,0.0,0.0,0,0,0
1780685190,3,2,936,936,0.0,0.0,0,0,0
1780685195,3,1,936,1062,0.0,0.0,0,0,0
1780685195,3,2,936,936,0.0,0.0,0,0,0
1780685195,1,1,936,936,0.0,0.0,0,0,0
1780685195,1,2,936,866,0.0,0.0,0,0,0
1780685195,2,1,936,936,0.0,0.0,0,0,0
1780685195,2,2,866,936,0.0,0.0,0,0,0
1780685195,2,3,936,936,0.0,0.0,0,0,0
1780685200,3,1,936,1062,0.0,0.0,0,0,0
1780685200,3,2,936,936,0.0,0.0,0,0,0
1780685200,1,1,936,936,0.0,0.0,0,0,0
1780685200,1,2,936,866,0.0,0.0,0,0,0
1780685200,2,1,936,936,0.0,0.0,0,0,0
1780685200,2,2,866,936,0.0,0.0,0,0,0
1780685200,2,3,936,936,0.0,0.0,0,0,0
1780685205,1,1,936,936,0.0,0.0,0,0,0
1780685205,1,2,936,936,0.0,0.11,0,0,0
1780685205,3,1,936,1062,0.0,0.0,0,0,0
1780685205,3,2,936,936,0.0,0.0,0,0,0
1780685205,2,1,936,936,0.0,0.0,0,0,0
1780685205,2,2,936,936,0.11,0.0,0,0,0
1780685205,2,3,936,936,0.0,0.0,0,0,0
1780685210,1,1,936,936,0.0,0.0,0,0,0
1780685210,1,2,936,936,0.0,0.0,0,0,0
1780685210,2,1,936,936,0.0,0.0,0,0,0
1780685210,2,2,936,936,0.0,0.0,0,0,0
1780685210,2,3,936,936,0.0,0.0,0,0,0
1780685210,3,1,936,1062,0.0,0.0,0,0,0
1780685210,3,2,936,936,0.0,0.0,0,0,0
1780685215,3,1,936,1062,0.0,0.0,0,0,0
1780685215,3,2,936,936,0.0,0.0,0,0,0
1780685215,1,1,936,936,0.0,0.0,0,0,0
1780685215,1,2,936,936,0.0,0.0,0,0,0
1780685215,2,1,936,936,0.0,0.0,0,0,0
1780685215,2,2,936,936,0.0,0.0,0,0,0
1780685215,2,3,936,936,0.0,0.0,0,0,0
1780685220,1,1,936,936,0.0,0.0,0,0,0
1780685220,1,2,936,936,0.0,0.0,0,0,0
1780685220,2,1,936,936,0.0,0.0,0,0,0
1780685220,2,2,936,936,0.0,0.0,0,0,0
1780685220,2,3,936,936,0.0,0.0,0,0,0
1780685220,3,1,936,1062,0.0,0.0,0,0,0
1780685220,3,2,936,936,0.0,0.0,0,0,0
1780685225,1,1,936,936,0.0,0.0,0,0,0
1780685225,1,2,936,936,0.0,0.0,0,0,0
1780685225,2,1,936,936,0.0,0.0,0,0,0
1780685225,2,2,936,936,0.0,0.0,0,0,0
1780685225,2,3,936,936,0.0,0.0,0,0,0
1780685225,3,1,936,1062,0.0,0.0,0,0,0
1780685225,3,2,936,936,0.0,0.0,0,0,0
1780685230,2,1,936,936,0.0,0.0,0,0,0
1780685230,2,2,936,936,0.0,0.0,0,0,0
1780685230,2,3,936,936,0.0,0.0,0,0,0
1780685230,3,1,936,1062,0.0,0.0,0,0,0
1780685230,3,2,936,936,0.0,0.0,0,0,0
1780685230,1,1,936,936,0.0,0.0,0,0,0
1780685230,1,2,936,936,0.0,0.0,0,0,0
1780685235,3,1,936,1062,0.0,0.0,0,0,0
1780685235,3,2,936,936,0.0,0.0,0,0,0
1780685235,2,1,936,936,0.0,0.0,0,0,0
1780685235,2,2,936,936,0.0,0.0,0,0,0
1780685235,2,3,936,936,0.0,0.0,0,0,0
1780685235,1,1,936,936,0.0,0.0,0,0,0
1780685235,1,2,936,936,0.0,0.0,0,0,0
1780685240,3,1,936,1062,0.0,0.0,0,0,0
1780685240,3,2,936,936,0.0,0.0,0,0,0
1780685240,2,1,936,936,0.0,0.0,0,0,0
1780685240,2,2,936,936,0.0,0.0,0,0,0
1780685240,2,3,936,936,0.0,0.0,0,0,0
1780685240,1,1,936,936,0.0,0.0,0,0,0
1780685240,1,2,936,936,0.0,0.0,0,0,0
1780685245,2,1,936,936,0.0,0.0,0,0,0
1780685245,2,2,936,936,0.0,0.0,0,0,0
1780685245,2,3,936,936,0.0,0.0,0,0,0
1780685245,1,1,936,936,0.0,0.0,0,0,0
1780685245,1,2,936,936,0.0,0.0,0,0,0
1780685245,3,1,936,1062,0.0,0.0,0,0,0
1780685245,3,2,936,936,0.0,0.0,0,0,0
1780685250,1,1,936,936,0.0,0.0,0,0,0
1780685250,1,2,936,936,0.0,0.0,0,0,0
1780685250,3,1,936,1062,0.0,0.0,0,0,0
1780685250,3,2,936,936,0.0,0.0,0,0,0
1780685250,2,1,936,936,0.0,0.0,0,0,0
1780685250,2,2,936,936,0.0,0.0,0,0,0
1780685250,2,3,936,936,0.0,0.0,0,0,0
1783741738,3,1,516,516,0.0,0.0,0,0,0
1783741738,3,2,516,266,0.0,0.0,0,0,0
1783741738,1,1,426,426,0.0,0.0,0,0,0
1783741738,1,2,516,426,0.0,0.0,0,0,0
1783741738,2,1,516,516,0.0,0.0,0,0,0
1783741738,2,2,426,516,0.0,0.0,0,0,0
1783741738,2,3,266,516,0.0,0.0,0,0,0
1783741743,1,1,586,586,0.26,0.26,0,0,0
1783741743,1,2,586,586,0.11,0.26,0,0,0
1783741743,3,1,586,586,0.11,0.11,0,0,0
1783741743,3,2,586,586,0.11,0.51,0,0,0
1783741743,2,1,586,586,0.11,0.11,0,0,0
1783741743,2,2,586,586,0.26,0.11,0,0,0
1783741743,2,3,586,586,0.51,0.11,0,0,0
1783741748,3,1,586,586,0.0,0.0,0,0,0
1783741748,3,2,586,586,0.0,0.0,0,0,0
1783741748,2,1,586,586,0.0,0.0,0,0,0
1783741748,2,2,586,586,0.0,0.0,0,0,0
1783741748,2,3,586,586,0.0,0.0,0,0,0
1783741748,1,1,586,586,0.0,0.0,0,0,0
1783741748,1,2,586,586,0.0,0.0,0,0,0
1783741753,1,1,656,656,0.11,0.11,0,0,0
1783741753,1,2,656,656,0.11,0.11,0,0,0
1783741753,2,1,656,656,0.11,0.11,0,0,0
1783741753,2,2,656,656,0.11,0.11,0,0,0
1783741753,2,3,656,656,0.11,0.11,0,0,0
1783741753,3,1,656,656,0.11,0.11,0,0,0
1783741753,3,2,656,656,0.11,0.11,0,0,0
1783741758,1,1,656,656,0.0,0.0,0,0,0
1783741758,1,2,656,656,0.0,0.0,0,0,0
1783741758,3,1,656,656,0.0,0.0,0,0,0
1783741758,3,2,656,656,0.0,0.0,0,0,0
1783741758,2,1,656,656,0.0,0.0,0,0,0
1783741758,2,2,656,656,0.0,0.0,0,0,0
1783741758,2,3,656,656,0.0,0.0,0,0,0
1783741763,1,1,656,656,0.0,0.0,0,0,0
1783741763,1,2,656,656,0.0,0.0,0,0,0
1783741763,3,1,656,656,0.0,0.0,0,0,0
1783741763,3,2,656,656,0.0,0.0,0,0,0
1783741763,2,1,656,656,0.0,0.0,0,0,0
1783741763,2,2,656,656,0.0,0.0,0,0,0
1783741763,2,3,656,656,0.0,0.0,0,0,0
1783741768,1,1,726,656,0.11,0.0,0,0,0
1783741768,1,2,726,656,0.11,0.0,0,0,0
1783741768,2,1,656,726,0.0,0.11,0,0,0
1783741768,2,2,656,726,0.0,0.11,0,0,0
1783741768,2,3,726,726,0.11,0.11,0,0,0
1783741768,3,1,656,726,0.0,0.11,0,0,0
1783741768,3,2,726,726,0.11,0.11,0,0,0
1783741773,1,1,726,726,0.0,0.11,0,0,0
1783741773,1,2,726,726,0.0,0.11,0,0,0
1783741773,3,1,726,726,0.11,0.0,0,0,0
1783741773,3,2,726,726,0.0,0.0,0,0,0
1783741773,2,1,726,726,0.11,0.0,0,0,0
1783741773,2,2,726,726,0.11,0.0,0,0,0
1783741773,2,3,726,726,0.0,0.0,0,0,0
1783741778,1,1,726,726,0.0,0.0,0,0,0
1783741778,1,2,726,726,0.0,0.0,0,0,0
1783741778,3,1,726,726,0.0,0.0,0,0,0
1783741778,3,2,726,726,0.0,0.0,0,0,0
1783741778,2,1,726,726,0.0,0.0,0,0,0
1783741778,2,2,726,726,0.0,0.0,0,0,0
1783741778,2,3,726,726,0.0,0.0,0,0,0
1783741783,1,1,726,726,0.0,0.0,0,0,0
1783741783,1,2,726,726,0.0,0.0,0,0,0
1783741783,2,1,726,726,0.0,0.0,0,0,0
1783741783,2,2,726,726,0.0,0.0,0,0,0
1783741783,2,3,726,726,0.0,0.0,0,0,0
1783741783,3,1,726,726,0.0,0.0,0,0,0
1783741783,3,2,726,726,0.0,0.0,0,0,0
1783741788,1,1,726,726,0.0,0.0,0,0,0
1783741788,1,2,726,726,0.0,0.0,0,0,0
1783741788,3,1,726,726,0.0,0.0,0,0,0
1783741788,3,2,726,726,0.0,0.0,0,0,0
1783741788,2,1,726,726,0.0,0.0,0,0,0
1783741788,2,2,726,726,0.0,0.0,0,0,0
1783741788,2,3,726,726,0.0,0.0,0,0,0
1783741793,1,1,726,726,0.0,0.0,0,0,0
1783741793,1,2,726,726,0.0,0.0,0,0,0
1783741793,2,1,726,726,0.0,0.0,0,0,0
1783741793,2,2,726,726,0.0,0.0,0,0,0
1783741793,2,3,726,796,0.0,0.11,0,0,0
1783741793,3,1,726,726,0.0,0.0,0,0,0
1783741793,3,2,796,726,0.11,0.0,0,0,0
1783741798,1,1,796,726,0.11,0.0,0,0,0
1783741798,1,2,726,726,0.0,0.0,0,0,0
1783741798,3,1,726,726,0.0,0.0,0,0,0
1783741798,3,2,796,726,0.0,0.0,0,0,0
1783741798,2,1,726,796,0.0,0.11,0,0,0
1783741798,2,2,726,726,0.0,0.0,0,0,0
1783741798,2,3,726,796,0.0,0.0,0,0,0
1783741803,1,1,796,796,0.0,0.11,0,0,0
1783741803,1,2,796,726,0.11,0.0,0,0,0
1783741803,3,1,726,796,0.0,0.11,0,0,0
1783741803,3,2,796,796,0.0,0.11,0,0,0
1783741803,2,1,796,796,0.11,0.0,0,0,0
1783741803,2,2,726,796,0.0,0.11,0,0,0
1783741803,2,3,796,796,0.11,0.0,0,0,0
1783741808,1,1,796,796,0.0,0.0,0,0,0
1783741808,1,2,796,796,0.0,0.11,0,0,0
1783741808,3,1,796,796,0.11,0.0,0,0,0
1783741808,3,2,796,796,0.0,0.0,0,0,0
1783741808,2,1,796,796,0.0,0.0,0,0,0
1783741808,2,2,796,796,0.11,0.0,0,0,0
1783741808,2,3,796,796,0.0,0.0,0,0,0
1783741813,3,1,796,796,0.0,0.0,0,0,0
1783741813,3,2,796,796,0.0,0.0,0,0,0
1783741813,1,1,796,796,0.0,0.0,0,0,0
1783741813,1,2,796,796,0.0,0.0,0,0,0
1783741813,2,1,796,796,0.0,0.0,0,0,0
1783741813,2,2,796,796,0.0,0.0,0,0,0
1783741813,2,3,796,796,0.0,0.0,0,0,0
1783741818,1,1,796,796,0.0,0.0,0,0,0
1783741818,1,2,796,796,0.0,0.0,0,0,0
1783741818,3,1,796,796,0.0,0.0,0,0,0
1783741818,3,2,796,796,0.0,0.0,0,0,0
1783741818,2,1,796,796,0.0,0.0,0,0,0
1783741818,2,2,796,796,0.0,0.0,0,0,0
1783741818,2,3,796,796,0.0,0.0,0,0,0
1783741823,1,1,796,796,0.0,0.0,0,0,0
1783741823,1,2,796,796,0.0,0.0,0,0,0
1783741823,3,1,796,796,0.0,0.0,0,0,0
1783741823,3,2,796,796,0.0,0.0,0,0,0
1783741823,2,1,796,796,0.0,0.0,0,0,0
1783741823,2,2,796,796,0.0,0.0,0,0,0
1783741823,2,3,796,796,0.0,0.0,0,0,0
1783741828,1,1,796,796,0.0,0.0,0,0,0
1783741828,1,2,796,796,0.0,0.0,0,0,0
1783741828,3,1,796,796,0.0,0.0,0,0,0
1783741828,3,2,796,796,0.0,0.0,0,0,0
1783741828,2,1,796,796,0.0,0.0,0,0,0
1783741828,2,2,796,796,0.0,0.0,0,0,0
1783741828,2,3,796,796,0.0,0.0,0,0,0
1783741833,1,1,796,796,0.0,0.0,0,0,0
1783741833,1,2,796,796,0.0,0.0,0,0,0
1783741833,3,1,796,796,0.0,0.0,0,0,0
1783741833,3,2,796,796,0.0,0.0,0,0,0
1783741833,2,1,796,796,0.0,0.0,0,0,0
1783741833,2,2,796,796,0.0,0.0,0,0,0
1783741833,2,3,796,796,0.0,0.0,0,0,0
1783741838,1,1,796,796,0.0,0.0,0,0,0
1783741838,1,2,796,796,0.0,0.0,0,0,0
1783741838,3,1,796,796,0.0,0.0,0,0,0
1783741838,3,2,796,796,0.0,0.0,0,0,0
1783741838,2,1,796,796,0.0,0.0,0,0,0
1783741838,2,2,796,796,0.0,0.0,0,0,0
1783741838,2,3,796,796,0.0,0.0,0,0,0
1783741843,1,1,796,796,0.0,0.0,0,0,0
1783741843,1,2,796,796,0.0,0.0,0,0,0
1783741843,3,1,796,796,0.0,0.0,0,0,0
1783741843,3,2,796,796,0.0,0.0,0,0,0
1783741843,2,1,796,796,0.0,0.0,0,0,0
1783741843,2,2,796,796,0.0,0.0,0,0,0
1783741843,2,3,796,796,0.0,0.0,0,0,0
1783741848,1,1,796,796,0.0,0.0,0,0,0
1783741848,1,2,796,796,0.0,0.0,0,0,0
1783741848,2,1,796,796,0.0,0.0,0,0,0
1783741848,2,2,796,796,0.0,0.0,0,0,0
1783741848,2,3,796,796,0.0,0.0,0,0,0
1783741848,3,1,796,796,0.0,0.0,0,0,0
1783741848,3,2,796,796,0.0,0.0,0,0,0
1783741853,2,1,796,796,0.0,0.0,0,0,0
1783741853,2,2,796,796,0.0,0.0,0,0,0
1783741853,2,3,796,866,0.0,0.11,0,0,0
1783741853,1,1,796,796,0.0,0.0,0,0,0
1783741853,1,2,796,796,0.0,0.0,0,0,0
1783741853,3,1,796,796,0.0,0.0,0,0,0
1783741853,3,2,866,796,0.11,0.0,0,0,0
1783741858,1,1,796,796,0.0,0.0,0,0,0
1783741858,1,2,796,796,0.0,0.0,0,0,0
1783741858,3,1,796,796,0.0,0.0,0,0,0
1783741858,3,2,866,796,0.0,0.0,0,0,0
1783741858,2,1,796,866,0.0,0.11,0,0,0
1783741858,2,2,796,796,0.0,0.0,0,0,0
1783741858,2,3,796,866,0.0,0.0,0,0,0
1783741863,1,1,796,796,0.0,0.0,0,0,0
1783741863,1,2,866,796,0.11,0.0,0,0,0
1783741863,3,1,796,796,0.0,0.0,0,0,0
1783741863,3,2,866,796,0.0,0.0,0,0,0
1783741863,2,1,796,866,0.0,0.0,0,0,0
1783741863,2,2,796,866,0.0,0.11,0,0,0
1783741863,2,3,796,866,0.0,0.0,0,0,0
1783741868,3,1,796,866,0.0,0.11,0,0,0
1783741868,3,2,866,866,0.0,0.11,0,0,0
1783741868,1,1,866,796,0.11,0.0,0,0,0
1783741868,1,2,866,796,0.0,0.0,0,0,0
1783741868,2,1,866,866,0.11,0.0,0,0,0
1783741868,2,2,796,866,0.0,0.0,0,0,0
1783741868,2,3,866,866,0.11,0.0,0,0,0
1783741873,2,1,866,866,0.0,0.0,0,0,0
1783741873,2,2,796,866,0.0,0.0,0,0,0
1783741873,2,3,866,866,0.0,0.0,0,0,0
1783741873,3,1,796,866,0.0,0.0,0,0,0
1783741873,3,2,866,866,0.0,0.0,0,0,0
1783741873,1,1,866,796,0.0,0.0,0,0,0
1783741873,1,2,866,796,0.0,0.0,0,0,0
1783741878,3,1,866,866,0.11,0.0,0,0,0
1783741878,3,2,866,866,0.0,0.0,0,0,0
1783741878,1,1,866,866,0.0,0.11,0,0,0
1783741878,1,2,866,796,0.0,0.0,0,0,0
1783741878,2,1,866,866,0.0,0.0,0,0,0
1783741878,2,2,796,866,0.0,0.0,0,0,0
1783741878,2,3,866,866,0.0,0.0,0,0,0
1783741883,1,1,866,866,0.0,0.0,0,0,0
1783741883,1,2,866,866,0.0,0.11,0,0,0
1783741883,3,1,866,866,0.0,0.0,0,0,0
1783741883,3,2,866,866,0.0,0.0,0,0,0
1783741883,2,1,866,866,0.0,0.0,0,0,0
1783741883,2,2,866,866,0.11,0.0,0,0,0
1783741883,2,3,866,866,0.0,0.0,0,0,0
1783741888,3,1,866,866,0.0,0.0,0,0,0
1783741888,3,2,866,866,0.0,0.0,0,0,0
1783741888,1,1,866,866,0.0,0.0,0,0,0
1783741888,1,2,866,866,0.0,0.0,0,0,0
1783741888,2,1,866,866,0.0,0.0,0,0,0
1783741888,2,2,866,866,0.0,0.0,0,0,0
1783741888,2,3,866,866,0.0,0.0,0,0,0
1783741893,1,1,866,866,0.0,0.0,0,0,0
1783741893,1,2,866,866,0.0,0.0,0,0,0
1783741893,3,1,866,866,0.0,0.0,0,0,0
1783741893,3,2,866,866,0.0,0.0,0,0,0
1783741893,2,1,866,866,0.0,0.0,0,0,0
1783741893,2,2,866,866,0.0,0.0,0,0,0
1783741893,2,3,866,866,0.0,0.0,0,0,0
1783741898,1,1,866,866,0.0,0.0,0,0,0
1783741898,1,2,866,866,0.0,0.0,0,0,0
1783741898,3,1,866,866,0.0,0.0,0,0,0
1783741898,3,2,866,866,0.0,0.0,0,0,0
1783741898,2,1,866,866,0.0,0.0,0,0,0
1783741898,2,2,866,866,0.0,0.0,0,0,0
1783741898,2,3,866,866,0.0,0.0,0,0,0
1783741903,1,1,866,866,0.0,0.0,0,0,0
1783741903,1,2,866,866,0.0,0.0,0,0,0
1783741903,2,1,866,866,0.0,0.0,0,0,0
1783741903,2,2,866,866,0.0,0.0,0,0,0
1783741903,2,3,866,866,0.0,0.0,0,0,0
1783741903,3,1,866,866,0.0,0.0,0,0,0
1783741903,3,2,866,866,0.0,0.0,0,0,0
1783741908,3,1,866,866,0.0,0.0,0,0,0
1783741908,3,2,866,866,0.0,0.0,0,0,0
1783741908,1,1,866,866,0.0,0.0,0,0,0
1783741908,1,2,866,866,0.0,0.0,0,0,0
1783741908,2,1,866,866,0.0,0.0,0,0,0
1783741908,2,2,866,866,0.0,0.0,0,0,0
1783741908,2,3,866,866,0.0,0.0,0,0,0
1783741913,1,1,866,866,0.0,0.0,0,0,0
1783741913,1,2,866,866,0.0,0.0,0,0,0
1783741913,3,1,866,866,0.0,0.0,0,0,0
1783741913,3,2,866,866,0.0,0.0,0,0,0
1783741913,2,1,866,866,0.0,0.0,0,0,0
1783741913,2,2,866,866,0.0,0.0,0,0,0
1783741913,2,3,866,866,0.0,0.0,0,0,0
1783741918,1,1,866,866,0.0,0.0,0,0,0
1783741918,1,2,866,866,0.0,0.0,0,0,0
1783741918,3,1,866,866,0.0,0.0,0,0,0
1783741918,3,2,866,866,0.0,0.0,0,0,0
1783741918,2,1,866,866,0.0,0.0,0,0,0
1783741918,2,2,866,866,0.0,0.0,0,0,0
1783741918,2,3,866,866,0.0,0.0,0,0,0
1783741923,1,1,866,866,0.0,0.0,0,0,0
1783741923,1,2,866,866,0.0,0.0,0,0,0
1783741923,3,1,866,866,0.0,0.0,0,0,0
1783741923,3,2,866,866,0.0,0.0,0,0,0
1783741923,2,1,866,866,0.0,0.0,0,0,0
1783741923,2,2,866,866,0.0,0.0,0,0,0
1783741923,2,3,866,866,0.0,0.0,0,0,0
1783741928,1,1,866,866,0.0,0.0,0,0,0
1783741928,1,2,866,866,0.0,0.0,0,0,0
1783741928,3,1,866,866,0.0,0.0,0,0,0
1783741928,3,2,866,866,0.0,0.0,0,0,0
1783741928,2,1,866,866,0.0,0.0,0,0,0
1783741928,2,2,866,866,0.0,0.0,0,0,0
1783741928,2,3,866,866,0.0,0.0,0,0,0
1783741933,1,1,866,866,0.0,0.0,0,0,0
1783741933,1,2,866,866,0.0,0.0,0,0,0
1783741933,2,1,866,866,0.0,0.0,0,0,0
1783741933,2,2,866,866,0.0,0.0,0,0,0
1783741933,2,3,866,866,0.0,0.0,0,0,0
1783741933,3,1,866,866,0.0,0.0,0,0,0
1783741933,3,2,866,866,0.0,0.0,0,0,0
1783741938,1,1,866,866,0.0,0.0,0,0,0
1783741938,1,2,866,866,0.0,0.0,0,0,0
1783741938,3,1,866,866,0.0,0.0,0,0,0
1783741938,3,2,866,866,0.0,0.0,0,0,0
1783741938,2,1,866,866,0.0,0.0,0,0,0
1783741938,2,2,866,866,0.0,0.0,0,0,0
1783741938,2,3,866,866,0.0,0.0,0,0,0
1783741943,1,1,866,866,0.0,0.0,0,0,0
1783741943,1,2,866,866,0.0,0.0,0,0,0
1783741943,2,1,866,866,0.0,0.0,0,0,0
1783741943,2,2,866,866,0.0,0.0,0,0,0
1783741943,2,3,866,866,0.0,0.0,0,0,0
1783741943,3,1,866,866,0.0,0.0,0,0,0
1783741943,3,2,866,866,0.0,0.0,0,0,0
1783741948,3,2,866,866,0.0,0.0,0,0,0
1783741948,1,2,866,866,0.0,0.0,0,0,0
1783741948,2,2,866,866,0.0,0.0,0,0,0
1783741948,2,3,866,866,0.0,0.0,0,0,0
1783741953,3,2,866,866,0.0,0.0,0,0,0
1783741953,1,2,866,866,0.0,0.0,0,0,0
1783741953,2,2,866,866,0.0,0.0,0,0,0
1783741953,2,3,866,866,0.0,0.0,0,0,0
1783742003,1,2,936,866,0.0,0.0,0,0,0
1783742003,3,2,936,936,0.0,0.0,0,0,0
1783742003,2,2,866,936,0.0,0.0,0,0,0
1783742003,2,3,936,936,0.0,0.0,0,0,0
1783742008,3,2,936,936,0.0,0.0,0,0,0
1783742008,1,2,936,866,0.0,0.0,0,0,0
1783742008,2,2,866,936,0.0,0.0,0,0,0
1783742008,2,3,936,936,0.0,0.0,0,0,0
1783742013,3,2,936,936,0.0,0.0,0,0,0
1783742013,1,2,936,866,0.0,0.0,0,0,0
1783742013,2,2,866,936,0.0,0.0,0,0,0
1783742013,2,3,936,936,0.0,0.0,0,0,0
1783742018,1,2,936,866,0.0,0.0,0,0,0
1783742018,2,2,866,936,0.0,0.0,0,0,0
1783742018,2,3,936,936,0.0,0.0,0,0,0
1783742018,3,2,936,936,0.0,0.0,0,0,0
1783742023,1,2,936,866,0.0,0.0,0,0,0
1783742023,3,2,936,936,0.0,0.0,0,0,0
1783742023,2,2,866,936,0.0,0.0,0,0,0
1783742023,2,3,936,936,0.0,0.0,0,0,0
1783742028,3,2,936,936,0.0,0.0,0,0,0
1783742028,2,2,866,936,0.0,0.0,0,0,0
1783742028,2,3,936,936,0.0,0.0,0,0,0
1783742028,1,2,936,866,0.0,0.0,0,0,0
1783743210,3,1,516,516,0.0,0.0,0,0,0
1783743210,3,2,516,516,0.0,0.0,0,0,0
1783743210,1,1,516,516,0.0,0.0,0,0,0
1783743210,1,2,516,516,0.0,0.0,0,0,0
1783743210,2,1,516,516,0.0,0.0,0,0,0
1783743210,2,2,516,516,0.0,0.0,0,0,0
1783743210,2,3,516,516,0.0,0.0,0,0,0
1783743215,3,1,586,586,0.11,0.11,0,0,0
1783743215,3,2,586,586,0.11,0.11,0,0,0
1783743215,2,1,586,586,0.11,0.11,0,0,0
1783743215,2,2,586,586,0.11,0.11,0,0,0
1783743215,2,3,586,586,0.11,0.11,0,0,0
1783743215,1,1,586,586,0.11,0.11,0,0,0
1783743215,1,2,586,586,0.11,0.11,0,0,0
1783743220,3,1,656,656,0.11,0.11,0,0,0
1783743220,3,2,656,656,0.11,0.11,0,0,0
1783743220,1,1,656,656,0.11,0.11,0,0,0
1783743220,1,2,656,656,0.11,0.11,0,0,0
1783743220,2,1,586,656,0.0,0.11,0,0,0
1783743220,2,2,656,656,0.11,0.11,0,0,0
1783743220,2,3,656,656,0.11,0.11,0,0,0
1783743225,1,1,656,656,0.0,0.0,0,0,0
1783743225,1,2,656,656,0.0,0.0,0,0,0
1783743225,3,1,656,656,0.0,0.0,0,0,0
1783743225,3,2,656,656,0.0,0.0,0,0,0
1783743225,2,1,656,656,0.11,0.0,0,0,0
1783743225,2,2,656,656,0.0,0.0,0,0,0
1783743225,2,3,656,656,0.0,0.0,0,0,0
1783743230,1,1,656,656,0.0,0.0,0,0,0
1783743230,1,2,656,656,0.0,0.0,0,0,0
1783743230,3,1,656,656,0.0,0.0,0,0,0
1783743230,3,2,656,656,0.0,0.0,0,0,0
1783743230,2,1,656,656,0.0,0.0,0,0,0
1783743230,2,2,656,656,0.0,0.0,0,0,0
1783743230,2,3,656,656,0.0,0.0,0,0,0
1783743235,3,1,726,726,0.11,0.11,0,0,0
1783743235,3,2,656,656,0.0,0.0,0,0,0
1783743235,1,1,726,656,0.11,0.0,0,0,0
1783743235,1,2,656,656,0.0,0.0,0,0,0
1783743235,2,1,656,656,0.0,0.0,0,0,0
1783743235,2,2,656,656,0.0,0.0,0,0,0
1783743235,2,3,656,656,0.0,0.0,0,0,0
1783743240,3,1,726,726,0.0,0.0,0,0,0
1783743240,3,2,726,726,0.11,0.11,0,0,0
1783743240,1,1,726,726,0.0,0.11,0,0,0
1783743240,1,2,726,726,0.11,0.11,0,0,0
1783743240,2,1,726,726,0.11,0.11,0,0,0
1783743240,2,2,726,726,0.11,0.11,0,0,0
1783743240,2,3,726,726,0.11,0.11,0,0,0
1783743245,1,1,726,726,0.0,0.0,0,0,0
1783743245,1,2,726,726,0.0,0.0,0,0,0
1783743245,3,1,726,726,0.0,0.0,0,0,0
1783743245,3,2,726,726,0.0,0.0,0,0,0
1783743245,2,1,726,726,0.0,0.0,0,0,0
1783743245,2,2,726,726,0.0,0.0,0,0,0
1783743245,2,3,726,726,0.0,0.0,0,0,0
1783743250,1,1,726,726,0.0,0.0,0,0,0
1783743250,1,2,726,726,0.0,0.0,0,0,0
1783743250,3,1,726,726,0.0,0.0,0,0,0
1783743250,3,2,726,726,0.0,0.0,0,0,0
1783743250,2,1,726,726,0.0,0.0,0,0,0
1783743250,2,2,726,726,0.0,0.0,0,0,0
1783743250,2,3,726,726,0.0,0.0,0,0,0
1783743255,1,1,726,726,0.0,0.0,0,0,0
1783743255,1,2,726,726,0.0,0.0,0,0,0
1783743255,2,1,726,726,0.0,0.0,0,0,0
1783743255,2,2,726,726,0.0,0.0,0,0,0
1783743255,2,3,726,726,0.0,0.0,0,0,0
1783743255,3,1,726,726,0.0,0.0,0,0,0
1783743255,3,2,726,726,0.0,0.0,0,0,0
1783743260,1,1,726,726,0.0,0.0,0,0,0
1783743260,1,2,726,726,0.0,0.0,0,0,0
1783743260,3,1,726,726,0.0,0.0,0,0,0
1783743260,3,2,726,726,0.0,0.0,0,0,0
1783743260,2,1,726,726,0.0,0.0,0,0,0
1783743260,2,2,726,726,0.0,0.0,0,0,0
1783743260,2,3,726,726,0.0,0.0,0,0,0
1783743265,1,1,796,726,0.11,0.0,0,0,0
1783743265,1,2,726,726,0.0,0.0,0,0,0
1783743265,2,1,726,726,0.0,0.0,0,0,0
1783743265,2,2,726,726,0.0,0.0,0,0,0
1783743265,2,3,726,726,0.0,0.0,0,0,0
1783743265,3,1,726,796,0.0,0.11,0,0,0
1783743265,3,2,726,726,0.0,0.0,0,0,0
1783743270,3,1,796,796,0.11,0.0,0,0,0
1783743270,3,2,726,726,0.0,0.0,0,0,0
1783743270,1,1,796,726,0.0,0.0,0,0,0
1783743270,1,2,796,796,0.11,0.11,0,0,0
1783743270,2,1,726,726,0.0,0.0,0,0,0
1783743270,2,2,796,796,0.11,0.11,0,0,0
1783743270,2,3,726,726,0.0,0.0,0,0,0
1783743275,3,1,796,796,0.0,0.0,0,0,0
1783743275,3,2,796,796,0.11,0.11,0,0,0
1783743275,1,1,796,726,0.0,0.0,0,0,0
1783743275,1,2,796,796,0.0,0.0,0,0,0
1783743275,2,1,726,726,0.0,0.0,0,0,0
1783743275,2,2,796,796,0.0,0.0,0,0,0
1783743275,2,3,796,796,0.11,0.11,0,0,0
1783743280,1,1,796,796,0.0,0.11,0,0,0
1783743280,1,2,796,796,0.0,0.0,0,0,0
1783743280,2,1,796,796,0.11,0.11,0,0,0
1783743280,2,2,796,796,0.0,0.0,0,0,0
1783743280,2,3,796,796,0.0,0.0,0,0,0
1783743280,3,1,796,796,0.0,0.0,0,0,0
1783743280,3,2,796,796,0.0,0.0,0,0,0
1783743285,1,1,796,796,0.0,0.0,0,0,0
1783743285,1,2,796,796,0.0,0.0,0,0,0
1783743285,2,1,796,796,0.0,0.0,0,0,0
1783743285,2,2,796,796,0.0,0.0,0,0,0
1783743285,2,3,796,796,0.0,0.0,0,0,0
1783743285,3,1,796,796,0.0,0.0,0,0,0
1783743285,3,2,796,796,0.0,0.0,0,0,0
1783743290,1,1,796,796,0.0,0.0,0,0,0
1783743290,1,2,796,796,0.0,0.0,0,0,0
1783743290,3,1,796,796,0.0,0.0,0,0,0
1783743290,3,2,796,796,0.0,0.0,0,0,0
1783743290,2,1,796,796,0.0,0.0,0,0,0
1783743290,2,2,796,796,0.0,0.0,0,0,0
1783743290,2,3,796,796,0.0,0.0,0,0,0
1783743295,3,1,796,796,0.0,0.0,0,0,0
1783743295,3,2,796,796,0.0,0.0,0,0,0
1783743295,1,1,796,796,0.0,0.0,0,0,0
1783743295,1,2,796,796,0.0,0.0,0,0,0
1783743295,2,1,796,796,0.0,0.0,0,0,0
1783743295,2,2,796,796,0.0,0.0,0,0,0
1783743295,2,3,796,796,0.0,0.0,0,0,0
1783743300,1,1,796,796,0.0,0.0,0,0,0
1783743300,1,2,796,796,0.0,0.0,0,0,0
1783743300,3,1,796,796,0.0,0.0,0,0,0
1783743300,3,2,796,796,0.0,0.0,0,0,0
1783743300,2,1,796,796,0.0,0.0,0,0,0
1783743300,2,2,796,796,0.0,0.0,0,0,0
1783743300,2,3,796,796,0.0,0.0,0,0,0
1783743305,1,1,796,796,0.0,0.0,0,0,0
1783743305,1,2,796,796,0.0,0.0,0,0,0
1783743305,3,1,796,796,0.0,0.0,0,0,0
1783743305,3,2,796,796,0.0,0.0,0,0,0
1783743305,2,1,796,796,0.0,0.0,0,0,0
1783743305,2,2,796,796,0.0,0.0,0,0,0
1783743305,2,3,796,796,0.0,0.0,0,0,0
1783743310,1,1,796,796,0.0,0.0,0,0,0
1783743310,1,2,796,796,0.0,0.0,0,0,0
1783743310,3,1,796,796,0.0,0.0,0,0,0
1783743310,3,2,796,796,0.0,0.0,0,0,0
1783743310,2,1,796,796,0.0,0.0,0,0,0
1783743310,2,2,796,796,0.0,0.0,0,0,0
1783743310,2,3,796,796,0.0,0.0,0,0,0
1783743315,1,1,796,796,0.0,0.0,0,0,0
1783743315,1,2,796,796,0.0,0.0,0,0,0
1783743315,3,1,796,796,0.0,0.0,0,0,0
1783743315,3,2,796,796,0.0,0.0,0,0,0
1783743315,2,1,796,796,0.0,0.0,0,0,0
1783743315,2,2,796,796,0.0,0.0,0,0,0
1783743315,2,3,796,796,0.0,0.0,0,0,0
1783743320,1,1,866,964,0.11,0.27,0,0,0
1783743320,1,2,796,796,0.0,0.0,0,0,0
1783743320,2,1,796,796,0.0,0.0,0,0,0
1783743320,2,2,796,796,0.0,0.0,0,0,0
1783743320,2,3,796,796,0.0,0.0,0,0,0
1783743320,3,1,796,796,0.0,0.0,0,0,0
1783743320,3,2,796,796,0.0,0.0,0,0,0
1783743325,3,1,796,866,0.0,0.11,0,0,0
1783743325,3,2,796,796,0.0,0.0,0,0,0
1783743325,1,1,866,1048,0.0,0.13,0,0,0
1783743325,1,2,796,796,0.0,0.0,0,0,0
1783743325,2,1,796,922,0.0,0.2,0,0,0
1783743325,2,2,796,796,0.0,0.0,0,0,0
1783743325,2,3,796,796,0.0,0.0,0,0,0
1783743330,1,1,866,1048,0.0,0.0,0,0,0
1783743330,1,2,796,866,0.0,0.11,0,0,0
1783743330,2,1,796,1048,0.0,0.2,0,0,0
1783743330,2,2,866,796,0.11,0.0,0,0,0
1783743330,2,3,796,796,0.0,0.0,0,0,0
1783743330,3,1,866,950,0.11,0.13,0,0,0
1783743330,3,2,796,796,0.0,0.0,0,0,0
1783743335,3,1,866,1118,0.0,0.27,0,0,0
1783743335,3,2,796,796,0.0,0.0,0,0,0
1783743335,1,1,866,1048,0.0,0.0,0,0,0
1783743335,1,2,866,866,0.11,0.0,0,0,0
1783743335,2,1,796,1048,0.0,0.0,0,0,0
1783743335,2,2,866,866,0.0,0.11,0,0,0
1783743335,2,3,796,796,0.0,0.0,0,0,0
1783743340,1,1,866,1048,0.0,0.0,0,0,0
1783743340,1,2,866,866,0.0,0.0,0,0,0
1783743340,3,1,866,1118,0.0,0.0,0,0,0
1783743340,3,2,866,796,0.11,0.0,0,0,0
1783743340,2,1,796,1048,0.0,0.0,0,0,0
1783743340,2,2,866,866,0.0,0.0,0,0,0
1783743340,2,3,796,866,0.0,0.11,0,0,0
1783743345,2,1,796,1048,0.0,0.0,0,0,0
1783743345,2,2,866,866,0.0,0.0,0,0,0
1783743345,2,3,866,866,0.11,0.0,0,0,0
1783743345,3,1,866,1118,0.0,0.0,0,0,0
1783743345,3,2,866,866,0.0,0.11,0,0,0
1783743345,1,1,866,1048,0.0,0.0,0,0,0
1783743345,1,2,866,866,0.0,0.0,0,0,0
1783743350,1,1,866,1118,0.0,0.11,0,0,0
1783743350,1,2,866,866,0.0,0.0,0,0,0
1783743350,2,1,866,1048,0.11,0.0,0,0,0
1783743350,2,2,866,866,0.0,0.0,0,0,0
1783743350,2,3,866,866,0.0,0.0,0,0,0
1783743350,3,1,866,1118,0.0,0.0,0,0,0
1783743350,3,2,866,866,0.0,0.0,0,0,0
1783743355,3,1,866,1118,0.0,0.0,0,0,0
1783743355,3,2,866,866,0.0,0.0,0,0,0
1783743355,1,1,866,1118,0.0,0.0,0,0,0
1783743355,1,2,866,866,0.0,0.0,0,0,0
1783743355,2,1,866,1048,0.0,0.0,0,0,0
1783743355,2,2,866,866,0.0,0.0,0,0,0
1783743355,2,3,866,866,0.0,0.0,0,0,0
1783743360,3,1,866,1118,0.0,0.0,0,0,0
1783743360,3,2,866,866,0.0,0.0,0,0,0
1783743360,1,1,866,1118,0.0,0.0,0,0,0
1783743360,1,2,866,866,0.0,0.0,0,0,0
1783743360,2,1,866,1118,0.0,0.11,0,0,0
1783743360,2,2,866,866,0.0,0.0,0,0,0
1783743360,2,3,866,866,0.0,0.0,0,0,0
1783743365,2,1,866,1118,0.0,0.0,0,0,0
1783743365,2,2,866,866,0.0,0.0,0,0,0
1783743365,2,3,866,866,0.0,0.0,0,0,0
1783743365,3,1,866,1118,0.0,0.0,0,0,0
1783743365,3,2,866,866,0.0,0.0,0,0,0
1783743365,1,1,866,1118,0.0,0.0,0,0,0
1783743365,1,2,866,866,0.0,0.0,0,0,0
1783743370,3,1,866,1118,0.0,0.0,0,0,0
1783743370,3,2,866,866,0.0,0.0,0,0,0
1783743370,2,1,866,1118,0.0,0.0,0,0,0
1783743370,2,2,866,866,0.0,0.0,0,0,0
1783743370,2,3,866,866,0.0,0.0,0,0,0
1783743370,1,1,866,1118,0.0,0.0,0,0,0
1783743370,1,2,866,866,0.0,0.0,0,0,0
1783743375,1,1,866,1118,0.0,0.0,0,0,0
1783743375,1,2,866,866,0.0,0.0,0,0,0
1783743375,3,1,866,1118,0.0,0.0,0,0,0
1783743375,3,2,866,866,0.0,0.0,0,0,0
1783743375,2,1,866,1118,0.0,0.0,0,0,0
1783743375,2,2,866,866,0.0,0.0,0,0,0
1783743375,2,3,866,866,0.0,0.0,0,0,0
1783743380,1,1,866,1118,0.0,0.0,0,0,0
1783743380,1,2,866,866,0.0,0.0,0,0,0
1783743380,3,1,866,1118,0.0,0.0,0,0,0
1783743380,3,2,866,866,0.0,0.0,0,0,0
1783743380,2,1,866,1118,0.0,0.0,0,0,0
1783743380,2,2,866,866,0.0,0.0,0,0,0
1783743380,2,3,866,866,0.0,0.0,0,0,0
1783743385,1,1,866,1118,0.0,0.0,0,0,0
1783743385,1,2,866,866,0.0,0.0,0,0,0
1783743385,2,1,866,1118,0.0,0.0,0,0,0
1783743385,2,2,866,866,0.0,0.0,0,0,0
1783743385,2,3,866,866,0.0,0.0,0,0,0
1783743385,3,1,866,1118,0.0,0.0,0,0,0
1783743385,3,2,866,866,0.0,0.0,0,0,0
1783743390,3,1,866,1118,0.0,0.0,0,0,0
1783743390,3,2,866,866,0.0,0.0,0,0,0
1783743390,1,1,866,1118,0.0,0.0,0,0,0
1783743390,1,2,866,866,0.0,0.0,0,0,0
1783743390,2,1,866,1118,0.0,0.0,0,0,0
1783743390,2,2,866,866,0.0,0.0,0,0,0
1783743390,2,3,866,866,0.0,0.0,0,0,0
1783743395,1,1,866,1118,0.0,0.0,0,0,0
1783743395,1,2,866,866,0.0,0.0,0,0,0
1783743395,3,1,866,1118,0.0,0.0,0,0,0
1783743395,3,2,866,866,0.0,0.0,0,0,0
1783743395,2,1,866,1118,0.0,0.0,0,0,0
1783743395,2,2,866,866,0.0,0.0,0,0,0
1783743395,2,3,866,866,0.0,0.0,0,0,0
1783743400,1,1,866,1118,0.0,0.0,0,0,0
1783743400,1,2,866,866,0.0,0.0,0,0,0
1783743400,2,1,866,1118,0.0,0.0,0,0,0
1783743400,2,2,866,866,0.0,0.0,0,0,0
1783743400,2,3,866,866,0.0,0.0,0,0,0
1783743400,3,1,866,1118,0.0,0.0,0,0,0
1783743400,3,2,866,866,0.0,0.0,0,0,0
1783743405,1,1,866,1118,0.0,0.0,0,0,0
1783743405,1,2,866,866,0.0,0.0,0,0,0
1783743405,2,1,866,1118,0.0,0.0,0,0,0
1783743405,2,2,866,866,0.0,0.0,0,0,0
1783743405,2,3,866,866,0.0,0.0,0,0,0
1783743405,3,1,866,1118,0.0,0.0,0,0,0
1783743405,3,2,866,866,0.0,0.0,0,0,0
1783743410,1,1,866,1118,0.0,0.0,0,0,0
1783743410,1,2,866,866,0.0,0.0,0,0,0
1783743410,3,1,866,1118,0.0,0.0,0,0,0
1783743410,3,2,866,866,0.0,0.0,0,0,0
1783743410,2,1,866,1118,0.0,0.0,0,0,0
1783743410,2,2,866,866,0.0,0.0,0,0,0
1783743410,2,3,866,866,0.0,0.0,0,0,0
1783743415,2,1,866,1118,0.0,0.0,0,0,0
1783743415,2,2,866,866,0.0,0.0,0,0,0
1783743415,2,3,866,866,0.0,0.0,0,0,0
1783743415,3,1,866,1118,0.0,0.0,0,0,0
1783743415,3,2,866,866,0.0,0.0,0,0,0
1783743415,1,1,866,1118,0.0,0.0,0,0,0
1783743415,1,2,866,866,0.0,0.0,0,0,0
1783743420,3,1,866,1118,0.0,0.0,0,0,0
1783743420,3,2,866,866,0.0,0.0,0,0,0
1783743420,1,1,866,1118,0.0,0.0,0,0,0
1783743420,1,2,866,866,0.0,0.0,0,0,0
1783743420,2,1,866,1118,0.0,0.0,0,0,0
1783743420,2,2,866,866,0.0,0.0,0,0,0
1783743420,2,3,866,866,0.0,0.0,0,0,0
1783743425,1,1,866,1118,0.0,0.0,0,0,0
1783743425,1,2,866,866,0.0,0.0,0,0,0
1783743425,2,1,866,1118,0.0,0.0,0,0,0
1783743425,2,2,866,866,0.0,0.0,0,0,0
1783743425,2,3,866,866,0.0,0.0,0,0,0
1783743425,3,1,866,1118,0.0,0.0,0,0,0
1783743425,3,2,866,866,0.0,0.0,0,0,0
1783743430,3,1,866,1118,0.0,0.0,0,0,0
1783743430,3,2,866,866,0.0,0.0,0,0,0
1783743430,2,1,866,1118,0.0,0.0,0,0,0
1783743430,2,2,866,866,0.0,0.0,0,0,0
1783743430,2,3,866,866,0.0,0.0,0,0,0
1783743430,1,1,936,1118,0.11,0.0,0,0,0
1783743430,1,2,866,866,0.0,0.0,0,0,0
1783743435,1,1,936,1118,0.0,0.0,0,0,0
1783743435,1,2,866,866,0.0,0.0,0,0,0
1783743435,3,1,866,1118,0.0,0.0,0,0,0
1783743435,3,2,866,866,0.0,0.0,0,0,0
1783743435,2,1,866,1118,0.0,0.0,0,0,0
1783743435,2,2,866,866,0.0,0.0,0,0,0
1783743435,2,3,866,866,0.0,0.0,0,0,0
1783743440,3,1,866,1188,0.0,0.11,0,0,0
1783743440,3,2,866,866,0.0,0.0,0,0,0
1783743440,1,1,936,1118,0.0,0.0,0,0,0
1783743440,1,2,866,866,0.0,0.0,0,0,0
1783743440,2,1,866,1118,0.0,0.0,0,0,0
1783743440,2,2,866,866,0.0,0.0,0,0,0
1783743440,2,3,866,866,0.0,0.0,0,0,0
1783743445,3,1,866,1188,0.0,0.0,0,0,0
1783743445,3,2,866,866,0.0,0.0,0,0,0
1783743445,1,1,936,1118,0.0,0.0,0,0,0
1783743445,1,2,866,866,0.0,0.0,0,0,0
1783743445,2,1,866,1118,0.0,0.0,0,0,0
1783743445,2,2,866,866,0.0,0.0,0,0,0
1783743445,2,3,866,866,0.0,0.0,0,0,0
1783743450,1,1,936,1118,0.0,0.0,0,0,0
1783743450,1,2,866,866,0.0,0.0,0,0,0
1783743450,3,1,936,1188,0.11,0.0,0,0,0
1783743450,3,2,866,866,0.0,0.0,0,0,0
1783743450,2,1,866,1118,0.0,0.0,0,0,0
1783743450,2,2,866,866,0.0,0.0,0,0,0
1783743450,2,3,866,866,0.0,0.0,0,0,0
1783743455,1,1,936,1118,0.0,0.0,0,0,0
1783743455,1,2,866,936,0.0,0.11,0,0,0
1783743455,3,1,936,1188,0.0,0.0,0,0,0
1783743455,3,2,866,866,0.0,0.0,0,0,0
1783743455,2,1,866,1118,0.0,0.0,0,0,0
1783743455,2,2,936,866,0.11,0.0,0,0,0
1783743455,2,3,866,866,0.0,0.0,0,0,0
1783743460,1,1,936,1118,0.0,0.0,0,0,0
1783743460,1,2,866,936,0.0,0.0,0,0,0
1783743460,3,1,936,1188,0.0,0.0,0,0,0
1783743460,3,2,866,866,0.0,0.0,0,0,0
1783743460,2,1,866,1118,0.0,0.0,0,0,0
1783743460,2,2,936,866,0.0,0.0,0,0,0
1783743460,2,3,866,866,0.0,0.0,0,0,0
1783743465,1,1,936,1118,0.0,0.0,0,0,0
1783743465,1,2,936,936,0.11,0.0,0,0,0
1783743465,3,1,936,1188,0.0,0.0,0,0,0
1783743465,3,2,866,866,0.0,0.0,0,0,0
1783743465,2,1,866,1118,0.0,0.0,0,0,0
1783743465,2,2,936,936,0.0,0.11,0,0,0
1783743465,2,3,866,866,0.0,0.0,0,0,0
1783743470,1,1,936,1118,0.0,0.0,0,0,0
1783743470,1,2,936,936,0.0,0.0,0,0,0
1783743470,3,1,936,1188,0.0,0.0,0,0,0
1783743470,3,2,866,866,0.0,0.0,0,0,0
1783743470,2,1,866,1118,0.0,0.0,0,0,0
1783743470,2,2,936,936,0.0,0.0,0,0,0
1783743470,2,3,866,866,0.0,0.0,0,0,0
1783743475,1,1,936,1118,0.0,0.0,0,0,0
1783743475,1,2,936,936,0.0,0.0,0,0,0
1783743475,3,1,936,1188,0.0,0.0,0,0,0
1783743475,3,2,936,866,0.11,0.0,0,0,0
1783743475,2,1,866,1118,0.0,0.0,0,0,0
1783743475,2,2,936,936,0.0,0.0,0,0,0
1783743475,2,3,866,936,0.0,0.11,0,0,0
1783743480,1,1,936,1118,0.0,0.0,0,0,0
1783743480,1,2,936,936,0.0,0.0,0,0,0
1783743480,2,1,866,1118,0.0,0.0,0,0,0
1783743480,2,2,936,936,0.0,0.0,0,0,0
1783743480,2,3,866,936,0.0,0.0,0,0,0
1783743480,3,1,936,1188,0.0,0.0,0,0,0
1783743480,3,2,936,866,0.0,0.0,0,0,0
1783743485,3,1,936,1188,0.0,0.0,0,0,0
1783743485,3,2,936,866,0.0,0.0,0,0,0
1783743485,1,1,936,1118,0.0,0.0,0,0,0
1783743485,1,2,936,936,0.0,0.0,0,0,0
1783743485,2,1,866,1118,0.0,0.0,0,0,0
1783743485,2,2,936,936,0.0,0.0,0,0,0
1783743485,2,3,866,936,0.0,0.0,0,0,0
1783743490,1,1,936,1188,0.0,0.11,0,0,0
1783743490,1,2,936,936,0.0,0.0,0,0,0
1783743490,2,1,936,1118,0.11,0.0,0,0,0
1783743490,2,2,936,936,0.0,0.0,0,0,0
1783743490,2,3,936,936,0.11,0.0,0,0,0
1783743490,3,1,936,1188,0.0,0.0,0,0,0
1783743490,3,2,936,936,0.0,0.11,0,0,0
1783743495,3,1,936,1188,0.0,0.0,0,0,0
1783743495,3,2,936,936,0.0,0.0,0,0,0
1783743495,1,1,936,1188,0.0,0.0,0,0,0
1783743495,1,2,936,936,0.0,0.0,0,0,0
1783743495,2,1,936,1118,0.0,0.0,0,0,0
1783743495,2,2,936,936,0.0,0.0,0,0,0
1783743495,2,3,936,936,0.0,0.0,0,0,0
1783743500,2,1,936,1118,0.0,0.0,0,0,0
1783743500,2,2,936,936,0.0,0.0,0,0,0
1783743500,2,3,936,936,0.0,0.0,0,0,0
1783743500,1,1,936,1188,0.0,0.0,0,0,0
1783743500,1,2,936,936,0.0,0.0,0,0,0
1783743500,3,1,936,1188,0.0,0.0,0,0,0
1783743500,3,2,936,936,0.0,0.0,0,0,0
1783743505,1,1,936,1188,0.0,0.0,0,0,0
1783743505,1,2,936,936,0.0,0.0,0,0,0
1783743505,3,1,936,1188,0.0,0.0,0,0,0
1783743505,3,2,936,936,0.0,0.0,0,0,0
1783743505,2,1,936,1118,0.0,0.0,0,0,0
1783743505,2,2,936,936,0.0,0.0,0,0,0
1783743505,2,3,936,936,0.0,0.0,0,0,0
1783743510,1,1,936,1188,0.0,0.0,0,0,0
1783743510,1,2,936,936,0.0,0.0,0,0,0
1783743510,3,1,936,1188,0.0,0.0,0,0,0
1783743510,3,2,936,936,0.0,0.0,0,0,0
1783743510,2,1,936,1118,0.0,0.0,0,0,0
1783743510,2,2,936,936,0.0,0.0,0,0,0
1783743510,2,3,936,936,0.0,0.0,0,0,0
1783743515,3,1,936,1188,0.0,0.0,0,0,0
1783743515,3,2,936,936,0.0,0.0,0,0,0
1783743515,1,1,936,1188,0.0,0.0,0,0,0
1783743515,1,2,936,936,0.0,0.0,0,0,0
1783743515,2,1,936,1118,0.0,0.0,0,0,0
1783743515,2,2,936,936,0.0,0.0,0,0,0
1783743515,2,3,936,936,0.0,0.0,0,0,0
1783743520,3,1,936,1188,0.0,0.0,0,0,0
1783743520,3,2,936,936,0.0,0.0,0,0,0
1783743520,2,1,936,1118,0.0,0.0,0,0,0
1783743520,2,2,936,936,0.0,0.0,0,0,0
1783743520,2,3,936,936,0.0,0.0,0,0,0
1783743520,1,1,936,1188,0.0,0.0,0,0,0
1783743520,1,2,936,936,0.0,0.0,0,0,0
1783743525,1,1,936,1188,0.0,0.0,0,0,0
1783743525,1,2,936,936,0.0,0.0,0,0,0
1783743525,3,1,936,1188,0.0,0.0,0,0,0
1783743525,3,2,936,936,0.0,0.0,0,0,0
1783743525,2,1,936,1188,0.0,0.11,0,0,0
1783743525,2,2,936,936,0.0,0.0,0,0,0
1783743525,2,3,936,936,0.0,0.0,0,0,0
1783743530,1,1,936,1188,0.0,0.0,0,0,0
1783743530,1,2,936,936,0.0,0.0,0,0,0
1783743530,2,1,936,1188,0.0,0.0,0,0,0
1783743530,2,2,936,936,0.0,0.0,0,0,0
1783743530,2,3,936,936,0.0,0.0,0,0,0
1783743530,3,1,936,1188,0.0,0.0,0,0,0
1783743530,3,2,936,936,0.0,0.0,0,0,0
1783743535,1,1,936,1188,0.0,0.0,0,0,0
1783743535,1,2,936,936,0.0,0.0,0,0,0
1783743535,3,1,936,1188,0.0,0.0,0,0,0
1783743535,3,2,936,936,0.0,0.0,0,0,0
1783743535,2,1,936,1188,0.0,0.0,0,0,0
1783743535,2,2,936,936,0.0,0.0,0,0,0
1783743535,2,3,936,936,0.0,0.0,0,0,0
1783743540,1,1,936,1188,0.0,0.0,0,0,0
1783743540,1,2,936,936,0.0,0.0,0,0,0
1783743540,3,1,936,1188,0.0,0.0,0,0,0
1783743540,3,2,936,936,0.0,0.0,0,0,0
1783743540,2,1,936,1188,0.0,0.0,0,0,0
1783743540,2,2,936,936,0.0,0.0,0,0,0
1783743540,2,3,936,936,0.0,0.0,0,0,0
1783743545,2,1,936,1188,0.0,0.0,0,0,0
1783743545,2,2,936,936,0.0,0.0,0,0,0
1783743545,2,3,936,936,0.0,0.0,0,0,0
1783743545,3,1,936,1188,0.0,0.0,0,0,0
1783743545,3,2,936,936,0.0,0.0,0,0,0
1783743545,1,1,936,1188,0.0,0.0,0,0,0
1783743545,1,2,936,936,0.0,0.0,0,0,0
1783743550,1,1,936,1188,0.0,0.0,0,0,0
1783743550,1,2,936,936,0.0,0.0,0,0,0
1783743550,3,1,936,1188,0.0,0.0,0,0,0
1783743550,3,2,936,936,0.0,0.0,0,0,0
1783743550,2,1,936,1188,0.0,0.0,0,0,0
1783743550,2,2,936,936,0.0,0.0,0,0,0
1783743550,2,3,936,936,0.0,0.0,0,0,0
1783743555,1,1,936,1188,0.0,0.0,0,0,0
1783743555,1,2,936,936,0.0,0.0,0,0,0
1783743555,3,1,936,1188,0.0,0.0,0,0,0
1783743555,3,2,936,936,0.0,0.0,0,0,0
1783743555,2,1,936,1188,0.0,0.0,0,0,0
1783743555,2,2,936,936,0.0,0.0,0,0,0
1783743555,2,3,936,936,0.0,0.0,0,0,0
1783743560,3,1,936,1188,0.0,0.0,0,0,0
1783743560,3,2,936,936,0.0,0.0,0,0,0
1783743560,1,1,936,1188,0.0,0.0,0,0,0
1783743560,1,2,936,936,0.0,0.0,0,0,0
1783743560,2,1,936,1188,0.0,0.0,0,0,0
1783743560,2,2,936,936,0.0,0.0,0,0,0
1783743560,2,3,936,936,0.0,0.0,0,0,0
1783743565,3,1,936,1188,0.0,0.0,0,0,0
1783743565,3,2,936,936,0.0,0.0,0,0,0
1783743565,1,1,936,1188,0.0,0.0,0,0,0
1783743565,1,2,936,936,0.0,0.0,0,0,0
1783743565,2,1,936,1188,0.0,0.0,0,0,0
1783743565,2,2,936,936,0.0,0.0,0,0,0
1783743565,2,3,936,936,0.0,0.0,0,0,0
1783743570,2,1,936,1188,0.0,0.0,0,0,0
1783743570,2,2,936,936,0.0,0.0,0,0,0
1783743570,2,3,936,936,0.0,0.0,0,0,0
1783743570,3,1,936,1188,0.0,0.0,0,0,0
1783743570,3,2,936,936,0.0,0.0,0,0,0
1783743570,1,1,936,1188,0.0,0.0,0,0,0
1783743570,1,2,936,936,0.0,0.0,0,0,0
1783743575,1,1,936,1188,0.0,0.0,0,0,0
1783743575,1,2,936,936,0.0,0.0,0,0,0
1783743575,3,1,936,1188,0.0,0.0,0,0,0
1783743575,3,2,936,936,0.0,0.0,0,0,0
1783743575,2,1,936,1188,0.0,0.0,0,0,0
1783743575,2,2,936,936,0.0,0.0,0,0,0
1783743575,2,3,936,936,0.0,0.0,0,0,0
1783743580,3,1,936,1188,0.0,0.0,0,0,0
1783743580,3,2,936,936,0.0,0.0,0,0,0
1783743580,1,1,936,1188,0.0,0.0,0,0,0
1783743580,1,2,936,936,0.0,0.0,0,0,0
1783743580,2,1,936,1188,0.0,0.0,0,0,0
1783743580,2,2,936,936,0.0,0.0,0,0,0
1783743580,2,3,936,936,0.0,0.0,0,0,0
1783743585,3,1,936,1188,0.0,0.0,0,0,0
1783743585,3,2,936,936,0.0,0.0,0,0,0
1783743585,1,1,936,1188,0.0,0.0,0,0,0
1783743585,1,2,936,936,0.0,0.0,0,0,0
1783743585,2,1,936,1188,0.0,0.0,0,0,0
1783743585,2,2,936,936,0.0,0.0,0,0,0
1783743585,2,3,936,936,0.0,0.0,0,0,0
1783743590,3,1,936,1188,0.0,0.0,0,0,0
1783743590,3,2,936,936,0.0,0.0,0,0,0
1783743590,2,1,936,1188,0.0,0.0,0,0,0
1783743590,2,2,936,936,0.0,0.0,0,0,0
1783743590,2,3,936,936,0.0,0.0,0,0,0
1783743590,1,1,936,1188,0.0,0.0,0,0,0
1783743590,1,2,936,936,0.0,0.0,0,0,0
1783743595,2,1,936,1188,0.0,0.0,0,0,0
1783743595,2,2,936,936,0.0,0.0,0,0,0
1783743595,2,3,936,936,0.0,0.0,0,0,0
1783743595,3,1,936,1188,0.0,0.0,0,0,0
1783743595,3,2,936,936,0.0,0.0,0,0,0
1783743595,1,1,936,1188,0.0,0.0,0,0,0
1783743595,1,2,936,936,0.0,0.0,0,0,0
1783743600,1,1,936,1188,0.0,0.0,0,0,0
1783743600,1,2,936,936,0.0,0.0,0,0,0
1783743600,3,1,936,1188,0.0,0.0,0,0,0
1783743600,3,2,936,936,0.0,0.0,0,0,0
1783743600,2,1,936,1188,0.0,0.0,0,0,0
1783743600,2,2,936,936,0.0,0.0,0,0,0
1783743600,2,3,936,936,0.0,0.0,0,0,0
1783743605,1,1,936,1188,0.0,0.0,0,0,0
1783743605,1,2,936,936,0.0,0.0,0,0,0
1783743605,3,1,936,1188,0.0,0.0,0,0,0
1783743605,3,2,936,936,0.0,0.0,0,0,0
1783743605,2,1,936,1188,0.0,0.0,0,0,0
1783743605,2,2,936,936,0.0,0.0,0,0,0
1783743605,2,3,936,936,0.0,0.0,0,0,0
1783743610,2,1,936,1188,0.0,0.0,0,0,0
1783743610,2,2,936,936,0.0,0.0,0,0,0
1783743610,2,3,936,936,0.0,0.0,0,0,0
1783743610,1,1,936,1188,0.0,0.0,0,0,0
1783743610,1,2,936,936,0.0,0.0,0,0,0
1783743610,3,1,936,1188,0.0,0.0,0,0,0
1783743610,3,2,936,936,0.0,0.0,0,0,0
1783743615,1,1,936,1188,0.0,0.0,0,0,0
1783743615,1,2,936,936,0.0,0.0,0,0,0
1783743615,2,1,936,1188,0.0,0.0,0,0,0
1783743615,2,2,936,936,0.0,0.0,0,0,0
1783743615,2,3,936,936,0.0,0.0,0,0,0
1783743615,3,1,936,1188,0.0,0.0,0,0,0
1783743615,3,2,936,936,0.0,0.0,0,0,0
1783743620,1,1,936,1188,0.0,0.0,0,0,0
1783743620,1,2,936,936,0.0,0.0,0,0,0
1783743620,3,1,936,1188,0.0,0.0,0,0,0
1783743620,3,2,936,936,0.0,0.0,0,0,0
1783743620,2,1,936,1188,0.0,0.0,0,0,0
1783743620,2,2,936,936,0.0,0.0,0,0,0
1783743620,2,3,936,936,0.0,0.0,0,0,0
1783743625,2,1,936,1188,0.0,0.0,0,0,0
1783743625,2,2,936,936,0.0,0.0,0,0,0
1783743625,2,3,936,936,0.0,0.0,0,0,0
1783743625,3,1,936,1188,0.0,0.0,0,0,0
1783743625,3,2,936,936,0.0,0.0,0,0,0
1783743625,1,1,936,1188,0.0,0.0,0,0,0
1783743625,1,2,936,936,0.0,0.0,0,0,0
1783743630,1,1,936,1188,0.0,0.0,0,0,0
1783743630,1,2,936,936,0.0,0.0,0,0,0
1783743630,3,1,936,1188,0.0,0.0,0,0,0
1783743630,3,2,936,936,0.0,0.0,0,0,0
1783743630,2,1,936,1188,0.0,0.0,0,0,0
1783743630,2,2,936,936,0.0,0.0,0,0,0
1783743630,2,3,936,936,0.0,0.0,0,0,0
1783743635,3,1,936,1188,0.0,0.0,0,0,0
1783743635,3,2,936,936,0.0,0.0,0,0,0
1783743635,1,1,936,1188,0.0,0.0,0,0,0
1783743635,1,2,936,936,0.0,0.0,0,0,0
1783743635,2,1,936,1188,0.0,0.0,0,0,0
1783743635,2,2,936,936,0.0,0.0,0,0,0
1783743635,2,3,936,936,0.0,0.0,0,0,0
1783743640,3,1,936,1188,0.0,0.0,0,0,0
1783743640,3,2,936,936,0.0,0.0,0,0,0
1783743640,1,1,936,1188,0.0,0.0,0,0,0
1783743640,1,2,936,936,0.0,0.0,0,0,0
1783743640,2,1,936,1188,0.0,0.0,0,0,0
1783743640,2,2,936,936,0.0,0.0,0,0,0
1783743640,2,3,936,936,0.0,0.0,0,0,0
1783743645,3,1,936,1188,0.0,0.0,0,0,0
1783743645,3,2,936,936,0.0,0.0,0,0,0
1783743645,1,1,936,1188,0.0,0.0,0,0,0
1783743645,1,2,936,936,0.0,0.0,0,0,0
1783743645,2,1,936,1188,0.0,0.0,0,0,0
1783743645,2,2,936,936,0.0,0.0,0,0,0
1783743645,2,3,936,936,0.0,0.0,0,0,0
1783743650,2,1,936,1188,0.0,0.0,0,0,0
1783743650,2,2,936,936,0.0,0.0,0,0,0
1783743650,2,3,936,936,0.0,0.0,0,0,0
1783743650,3,1,936,1188,0.0,0.0,0,0,0
1783743650,3,2,936,936,0.0,0.0,0,0,0
1783743650,1,1,936,1188,0.0,0.0,0,0,0
1783743650,1,2,936,936,0.0,0.0,0,0,0
1783743655,3,1,936,1188,0.0,0.0,0,0,0
1783743655,3,2,936,936,0.0,0.0,0,0,0
1783743655,2,1,936,1188,0.0,0.0,0,0,0
1783743655,2,2,936,936,0.0,0.0,0,0,0
1783743655,2,3,936,936,0.0,0.0,0,0,0
1783743655,1,1,1006,1188,0.11,0.0,0,0,0
1783743655,1,2,936,936,0.0,0.0,0,0,0
1783743660,3,1,936,1188,0.0,0.0,0,0,0
1783743660,3,2,936,936,0.0,0.0,0,0,0
1783743660,1,1,1006,1188,0.0,0.0,0,0,0
1783743660,1,2,936,936,0.0,0.0,0,0,0
1783743660,2,1,936,1188,0.0,0.0,0,0,0
1783743660,2,2,936,936,0.0,0.0,0,0,0
1783743660,2,3,936,936,0.0,0.0,0,0,0
1783743665,3,1,936,1188,0.0,0.0,0,0,0
1783743665,3,2,936,936,0.0,0.0,0,0,0
1783743665,1,1,1006,1188,0.0,0.0,0,0,0
1783743665,1,2,936,936,0.0,0.0,0,0,0
1783743665,2,1,936,1188,0.0,0.0,0,0,0
1783743665,2,2,936,936,0.0,0.0,0,0,0
1783743665,2,3,936,936,0.0,0.0,0,0,0
1783743670,1,1,1006,1188,0.0,0.0,0,0,0
1783743670,1,2,936,936,0.0,0.0,0,0,0
1783743670,3,1,936,1188,0.0,0.0,0,0,0
1783743670,3,2,936,936,0.0,0.0,0,0,0
1783743670,2,1,936,1188,0.0,0.0,0,0,0
1783743670,2,2,936,936,0.0,0.0,0,0,0
1783743670,2,3,936,936,0.0,0.0,0,0,0
1783743675,1,1,1006,1188,0.0,0.0,0,0,0
1783743675,1,2,936,936,0.0,0.0,0,0,0
1783743675,3,1,936,1188,0.0,0.0,0,0,0
1783743675,3,2,936,936,0.0,0.0,0,0,0
1783743675,2,1,936,1188,0.0,0.0,0,0,0
1783743675,2,2,936,936,0.0,0.0,0,0,0
1783743675,2,3,936,936,0.0,0.0,0,0,0
1783743680,1,1,1006,1188,0.0,0.0,0,0,0
1783743680,1,2,936,936,0.0,0.0,0,0,0
1783743680,2,1,936,1188,0.0,0.0,0,0,0
1783743680,2,2,936,936,0.0,0.0,0,0,0
1783743680,2,3,936,936,0.0,0.0,0,0,0
1783743680,3,1,936,1188,0.0,0.0,0,0,0
1783743680,3,2,936,936,0.0,0.0,0,0,0
1783743685,3,1,936,1188,0.0,0.0,0,0,0
1783743685,3,2,936,936,0.0,0.0,0,0,0
1783743685,1,1,1006,1188,0.0,0.0,0,0,0
1783743685,1,2,936,936,0.0,0.0,0,0,0
1783743685,2,1,936,1188,0.0,0.0,0,0,0
1783743685,2,2,936,936,0.0,0.0,0,0,0
1783743685,2,3,936,936,0.0,0.0,0,0,0
1783743690,1,1,1006,1188,0.0,0.0,0,0,0
1783743690,1,2,936,936,0.0,0.0,0,0,0
1783743690,3,1,1006,1258,0.11,0.11,0,0,0
1783743690,3,2,936,936,0.0,0.0,0,0,0
1783743690,2,1,936,1188,0.0,0.0,0,0,0
1783743690,2,2,936,936,0.0,0.0,0,0,0
1783743690,2,3,936,936,0.0,0.0,0,0,0
1783743695,1,1,1006,1188,0.0,0.0,0,0,0
1783743695,1,2,936,936,0.0,0.0,0,0,0
1783743695,2,1,936,1188,0.0,0.0,0,0,0
1783743695,2,2,936,936,0.0,0.0,0,0,0
1783743695,2,3,936,936,0.0,0.0,0,0,0
1783743695,3,1,1006,1258,0.0,0.0,0,0,0
1783743695,3,2,936,936,0.0,0.0,0,0,0
1783743700,2,1,936,1188,0.0,0.0,0,0,0
1783743700,2,2,936,936,0.0,0.0,0,0,0
1783743700,2,3,936,936,0.0,0.0,0,0,0
1783743700,3,1,1006,1258,0.0,0.0,0,0,0
1783743700,3,2,936,936,0.0,0.0,0,0,0
1783743700,1,1,1006,1188,0.0,0.0,0,0,0
1783743700,1,2,936,936,0.0,0.0,0,0,0
1783743705,1,1,1006,1188,0.0,0.0,0,0,0
1783743705,1,2,936,936,0.0,0.0,0,0,0
1783743705,2,1,936,1188,0.0,0.0,0,0,0
1783743705,2,2,936,936,0.0,0.0,0,0,0
1783743705,2,3,936,936,0.0,0.0,0,0,0
1783743705,3,1,1006,1258,0.0,0.0,0,0,0
1783743705,3,2,936,936,0.0,0.0,0,0,0
1783743710,1,1,1006,1188,0.0,0.0,0,0,0
1783743710,1,2,936,936,0.0,0.0,0,0,0
1783743710,3,1,1006,1258,0.0,0.0,0,0,0
1783743710,3,2,936,936,0.0,0.0,0,0,0
1783743710,2,1,936,1188,0.0,0.0,0,0,0
1783743710,2,2,936,936,0.0,0.0,0,0,0
1783743710,2,3,936,936,0.0,0.0,0,0,0
1783743715,2,1,936,1188,0.0,0.0,0,0,0
1783743715,2,2,936,936,0.0,0.0,0,0,0
1783743715,2,3,936,936,0.0,0.0,0,0,0
1783743715,1,1,1006,1188,0.0,0.0,0,0,0
1783743715,1,2,936,936,0.0,0.0,0,0,0
1783743715,3,1,1006,1258,0.0,0.0,0,0,0
1783743715,3,2,936,936,0.0,0.0,0,0,0
1783743720,3,1,1006,1258,0.0,0.0,0,0,0
1783743720,3,2,936,936,0.0,0.0,0,0,0
1783743720,1,1,1006,1188,0.0,0.0,0,0,0
1783743720,1,2,1006,1006,0.11,0.11,0,0,0
1783743720,2,1,936,1188,0.0,0.0,0,0,0
1783743720,2,2,1006,1006,0.11,0.11,0,0,0
1783743720,2,3,936,936,0.0,0.0,0,0,0
1783743725,3,1,1006,1258,0.0,0.0,0,0,0
1783743725,3,2,936,936,0.0,0.0,0,0,0
1783743725,2,1,936,1188,0.0,0.0,0,0,0
1783743725,2,2,1006,1006,0.0,0.0,0,0,0
1783743725,2,3,936,936,0.0,0.0,0,0,0
1783743725,1,1,1006,1188,0.0,0.0,0,0,0
1783743725,1,2,1006,1006,0.0,0.0,0,0,0
1783743730,1,1,1006,1188,0.0,0.0,0,0,0
1783743730,1,2,1006,1006,0.0,0.0,0,0,0
1783743730,3,1,1006,1258,0.0,0.0,0,0,0
1783743730,3,2,936,936,0.0,0.0,0,0,0
1783743730,2,1,936,1188,0.0,0.0,0,0,0
1783743730,2,2,1006,1006,0.0,0.0,0,0,0
1783743730,2,3,936,936,0.0,0.0,0,0,0
1783743735,3,1,1006,1258,0.0,0.0,0,0,0
1783743735,3,2,936,936,0.0,0.0,0,0,0
1783743735,1,1,1006,1188,0.0,0.0,0,0,0
1783743735,1,2,1006,1006,0.0,0.0,0,0,0
1783743735,2,1,936,1188,0.0,0.0,0,0,0
1783743735,2,2,1006,1006,0.0,0.0,0,0,0
1783743735,2,3,936,936,0.0,0.0,0,0,0
1783743740,3,1,1006,1258,0.0,0.0,0,0,0
1783743740,3,2,936,936,0.0,0.0,0,0,0
1783743740,1,1,1006,1188,0.0,0.0,0,0,0
1783743740,1,2,1006,1006,0.0,0.0,0,0,0
1783743740,2,1,936,1188,0.0,0.0,0,0,0
1783743740,2,2,1006,1006,0.0,0.0,0,0,0
1783743740,2,3,936,936,0.0,0.0,0,0,0
1783743745,2,1,936,1188,0.0,0.0,0,0,0
1783743745,2,2,1006,1006,0.0,0.0,0,0,0
1783743745,2,3,936,936,0.0,0.0,0,0,0
1783743745,1,1,1006,1188,0.0,0.0,0,0,0
1783743745,1,2,1006,1006,0.0,0.0,0,0,0
1783743745,3,1,1006,1258,0.0,0.0,0,0,0
1783743745,3,2,936,936,0.0,0.0,0,0,0
1783743750,2,1,936,1188,0.0,0.0,0,0,0
1783743750,2,2,1006,1006,0.0,0.0,0,0,0
1783743750,2,3,936,936,0.0,0.0,0,0,0
1783743750,3,1,1006,1258,0.0,0.0,0,0,0
1783743750,3,2,936,936,0.0,0.0,0,0,0
1783743750,1,1,1006,1188,0.0,0.0,0,0,0
1783743750,1,2,1006,1006,0.0,0.0,0,0,0
1783743755,1,1,1006,1188,0.0,0.0,0,0,0
1783743755,1,2,1006,1006,0.0,0.0,0,0,0
1783743755,3,1,1006,1258,0.0,0.0,0,0,0
1783743755,3,2,1006,1006,0.11,0.11,0,0,0
1783743755,2,1,936,1188,0.0,0.0,0,0,0
1783743755,2,2,1006,1006,0.0,0.0,0,0,0
1783743755,2,3,1006,1006,0.11,0.11,0,0,0
1783743760,3,1,1006,1258,0.0,0.0,0,0,0
1783743760,3,2,1006,1006,0.0,0.0,0,0,0
1783743760,1,1,1006,1188,0.0,0.0,0,0,0
1783743760,1,2,1006,1006,0.0,0.0,0,0,0
1783743760,2,1,936,1188,0.0,0.0,0,0,0
1783743760,2,2,1006,1006,0.0,0.0,0,0,0
1783743760,2,3,1006,1006,0.0,0.0,0,0,0
1783743765,1,1,1006,1188,0.0,0.0,0,0,0
1783743765,1,2,1006,1006,0.0,0.0,0,0,0
1783743765,2,1,936,1188,0.0,0.0,0,0,0
1783743765,2,2,1006,1006,0.0,0.0,0,0,0
1783743765,2,3,1006,1006,0.0,0.0,0,0,0
1783743765,3,1,1006,1258,0.0,0.0,0,0,0
1783743765,3,2,1006,1006,0.0,0.0,0,0,0
1783743770,1,1,1006,1188,0.0,0.0,0,0,0
1783743770,1,2,1006,1006,0.0,0.0,0,0,0
1783743770,3,1,1006,1258,0.0,0.0,0,0,0
1783743770,3,2,1006,1006,0.0,0.0,0,0,0
1783743770,2,1,936,1188,0.0,0.0,0,0,0
1783743770,2,2,1006,1006,0.0,0.0,0,0,0
1783743770,2,3,1006,1006,0.0,0.0,0,0,0
1783743775,2,1,936,1188,0.0,0.0,0,0,0
1783743775,2,2,1006,1006,0.0,0.0,0,0,0
1783743775,2,3,1006,1006,0.0,0.0,0,0,0
1783743775,1,1,1006,1188,0.0,0.0,0,0,0
1783743775,1,2,1006,1006,0.0,0.0,0,0,0
1783743775,3,1,1006,1258,0.0,0.0,0,0,0
1783743775,3,2,1006,1006,0.0,0.0,0,0,0
1783743780,2,1,936,1188,0.0,0.0,0,0,0
1783743780,2,2,1006,1006,0.0,0.0,0,0,0
1783743780,2,3,1006,1006,0.0,0.0,0,0,0
1783743780,1,1,1006,1188,0.0,0.0,0,0,0
1783743780,1,2,1006,1006,0.0,0.0,0,0,0
1783743780,3,1,1006,1258,0.0,0.0,0,0,0
1783743780,3,2,1006,1006,0.0,0.0,0,0,0
1783743785,2,1,1006,1188,0.11,0.0,0,0,0
1783743785,2,2,1006,1006,0.0,0.0,0,0,0
1783743785,2,3,1006,1006,0.0,0.0,0,0,0
1783743785,3,1,1006,1258,0.0,0.0,0,0,0
1783743785,3,2,1006,1006,0.0,0.0,0,0,0
1783743785,1,1,1006,1258,0.0,0.11,0,0,0
1783743785,1,2,1006,1006,0.0,0.0,0,0,0
1783743790,3,1,1006,1258,0.0,0.0,0,0,0
1783743790,3,2,1006,1006,0.0,0.0,0,0,0
1783743790,2,1,1006,1188,0.0,0.0,0,0,0
1783743790,2,2,1006,1006,0.0,0.0,0,0,0
1783743790,2,3,1006,1006,0.0,0.0,0,0,0
1783743790,1,1,1006,1258,0.0,0.0,0,0,0
1783743790,1,2,1006,1006,0.0,0.0,0,0,0
1783743795,1,1,1006,1258,0.0,0.0,0,0,0
1783743795,1,2,1006,1006,0.0,0.0,0,0,0
1783743795,3,1,1006,1258,0.0,0.0,0,0,0
1783743795,3,2,1006,1006,0.0,0.0,0,0,0
1783743795,2,1,1006,1188,0.0,0.0,0,0,0
1783743795,2,2,1006,1006,0.0,0.0,0,0,0
1783743795,2,3,1006,1006,0.0,0.0,0,0,0
1783743800,1,1,1006,1258,0.0,0.0,0,0,0
1783743800,1,2,1006,1006,0.0,0.0,0,0,0
1783743800,2,1,1006,1188,0.0,0.0,0,0,0
1783743800,2,2,1006,1006,0.0,0.0,0,0,0
1783743800,2,3,1006,1006,0.0,0.0,0,0,0
1783743800,3,1,1006,1258,0.0,0.0,0,0,0
1783743800,3,2,1006,1006,0.0,0.0,0,0,0
1783743805,2,1,1006,1188,0.0,0.0,0,0,0
1783743805,2,2,1006,1006,0.0,0.0,0,0,0
1783743805,2,3,1006,1006,0.0,0.0,0,0,0
1783743805,3,1,1006,1258,0.0,0.0,0,0,0
1783743805,3,2,1006,1006,0.0,0.0,0,0,0
1783743805,1,1,1006,1258,0.0,0.0,0,0,0
1783743805,1,2,1006,1006,0.0,0.0,0,0,0
1783743810,3,1,1006,1258,0.0,0.0,0,0,0
1783743810,3,2,1006,1006,0.0,0.0,0,0,0
1783743810,1,1,1006,1258,0.0,0.0,0,0,0
1783743810,1,2,1006,1006,0.0,0.0,0,0,0
1783743810,2,1,1006,1188,0.0,0.0,0,0,0
1783743810,2,2,1006,1006,0.0,0.0,0,0,0
1783743810,2,3,1006,1006,0.0,0.0,0,0,0
1783743815,1,1,1006,1258,0.0,0.0,0,0,0
1783743815,1,2,1006,1006,0.0,0.0,0,0,0
1783743815,3,1,1006,1258,0.0,0.0,0,0,0
1783743815,3,2,1006,1006,0.0,0.0,0,0,0
1783743815,2,1,1006,1188,0.0,0.0,0,0,0
1783743815,2,2,1006,1006,0.0,0.0,0,0,0
1783743815,2,3,1006,1006,0.0,0.0,0,0,0
1783743820,1,1,1006,1258,0.0,0.0,0,0,0
1783743820,1,2,1006,1006,0.0,0.0,0,0,0
1783743820,3,1,1006,1258,0.0,0.0,0,0,0
1783743820,3,2,1006,1006,0.0,0.0,0,0,0
1783743820,2,1,1006,1188,0.0,0.0,0,0,0
1783743820,2,2,1006,1006,0.0,0.0,0,0,0
1783743820,2,3,1006,1006,0.0,0.0,0,0,0
1783743825,1,1,1006,1258,0.0,0.0,0,0,0
1783743825,1,2,1006,1006,0.0,0.0,0,0,0
1783743825,2,1,1006,1188,0.0,0.0,0,0,0
1783743825,2,2,1006,1006,0.0,0.0,0,0,0
1783743825,2,3,1006,1006,0.0,0.0,0,0,0
1783743825,3,1,1006,1258,0.0,0.0,0,0,0
1783743825,3,2,1006,1006,0.0,0.0,0,0,0
1783743830,1,1,1006,1258,0.0,0.0,0,0,0
1783743830,1,2,1006,1006,0.0,0.0,0,0,0
1783743830,3,1,1006,1258,0.0,0.0,0,0,0
1783743830,3,2,1006,1006,0.0,0.0,0,0,0
1783743830,2,1,1006,1188,0.0,0.0,0,0,0
1783743830,2,2,1006,1006,0.0,0.0,0,0,0
1783743830,2,3,1006,1006,0.0,0.0,0,0,0
1783743835,2,1,1006,1188,0.0,0.0,0,0,0
1783743835,2,2,1006,1006,0.0,0.0,0,0,0
1783743835,2,3,1006,1006,0.0,0.0,0,0,0
1783743835,3,1,1006,1258,0.0,0.0,0,0,0
1783743835,3,2,1006,1006,0.0,0.0,0,0,0
1783743835,1,1,1006,1258,0.0,0.0,0,0,0
1783743835,1,2,1006,1006,0.0,0.0,0,0,0
1783743840,3,1,1006,1258,0.0,0.0,0,0,0
1783743840,3,2,1006,1006,0.0,0.0,0,0,0
1783743840,1,1,1006,1258,0.0,0.0,0,0,0
1783743840,1,2,1006,1006,0.0,0.0,0,0,0
1783743840,2,1,1006,1188,0.0,0.0,0,0,0
1783743840,2,2,1006,1006,0.0,0.0,0,0,0
1783743840,2,3,1006,1006,0.0,0.0,0,0,0
1783743845,1,1,1006,1258,0.0,0.0,0,0,0
1783743845,1,2,1006,1006,0.0,0.0,0,0,0
1783743845,3,1,1006,1258,0.0,0.0,0,0,0
1783743845,3,2,1006,1006,0.0,0.0,0,0,0
1783743845,2,1,1006,1188,0.0,0.0,0,0,0
1783743845,2,2,1006,1006,0.0,0.0,0,0,0
1783743845,2,3,1006,1006,0.0,0.0,0,0,0
1783743850,3,1,1006,1258,0.0,0.0,0,0,0
1783743850,3,2,1006,1006,0.0,0.0,0,0,0
1783743850,2,1,1006,1258,0.0,0.11,0,0,0
1783743850,2,2,1006,1006,0.0,0.0,0,0,0
1783743850,2,3,1006,1006,0.0,0.0,0,0,0
1783743850,1,1,1006,1258,0.0,0.0,0,0,0
1783743850,1,2,1006,1006,0.0,0.0,0,0,0
1783743855,3,1,1006,1258,0.0,0.0,0,0,0
1783743855,3,2,1006,1006,0.0,0.0,0,0,0
1783743855,1,1,1006,1258,0.0,0.0,0,0,0
1783743855,1,2,1006,1006,0.0,0.0,0,0,0
1783743855,2,1,1006,1258,0.0,0.0,0,0,0
1783743855,2,2,1006,1006,0.0,0.0,0,0,0
1783743855,2,3,1006,1006,0.0,0.0,0,0,0
1783743860,3,1,1006,1258,0.0,0.0,0,0,0
1783743860,3,2,1006,1006,0.0,0.0,0,0,0
1783743860,2,1,1006,1258,0.0,0.0,0,0,0
1783743860,2,2,1006,1006,0.0,0.0,0,0,0
1783743860,2,3,1006,1006,0.0,0.0,0,0,0
1783743860,1,1,1006,1258,0.0,0.0,0,0,0
1783743860,1,2,1006,1006,0.0,0.0,0,0,0
1783743865,1,1,1006,1258,0.0,0.0,0,0,0
1783743865,1,2,1006,1006,0.0,0.0,0,0,0
1783743865,2,1,1006,1258,0.0,0.0,0,0,0
1783743865,2,2,1006,1006,0.0,0.0,0,0,0
1783743865,2,3,1006,1006,0.0,0.0,0,0,0
1783743865,3,1,1006,1258,0.0,0.0,0,0,0
1783743865,3,2,1006,1006,0.0,0.0,0,0,0
1783743870,1,1,1006,1258,0.0,0.0,0,0,0
1783743870,1,2,1006,1006,0.0,0.0,0,0,0
1783743870,2,1,1006,1258,0.0,0.0,0,0,0
1783743870,2,2,1006,1006,0.0,0.0,0,0,0
1783743870,2,3,1006,1006,0.0,0.0,0,0,0
1783743870,3,1,1006,1258,0.0,0.0,0,0,0
1783743870,3,2,1006,1006,0.0,0.0,0,0,0
1783743875,2,1,1006,1258,0.0,0.0,0,0,0
1783743875,2,2,1006,1006,0.0,0.0,0,0,0
1783743875,2,3,1006,1006,0.0,0.0,0,0,0
1783743875,1,1,1006,1258,0.0,0.0,0,0,0
1783743875,1,2,1006,1006,0.0,0.0,0,0,0
1783743875,3,1,1006,1258,0.0,0.0,0,0,0
1783743875,3,2,1006,1006,0.0,0.0,0,0,0
1783743880,1,1,1006,1258,0.0,0.0,0,0,0
1783743880,1,2,1006,1006,0.0,0.0,0,0,0
1783743880,2,1,1006,1258,0.0,0.0,0,0,0
1783743880,2,2,1006,1006,0.0,0.0,0,0,0
1783743880,2,3,1006,1006,0.0,0.0,0,0,0
1783743880,3,1,1006,1258,0.0,0.0,0,0,0
1783743880,3,2,1006,1006,0.0,0.0,0,0,0
1783743885,3,1,1006,1258,0.0,0.0,0,0,0
1783743885,3,2,1006,1006,0.0,0.0,0,0,0
1783743885,1,1,1006,1258,0.0,0.0,0,0,0
1783743885,1,2,1006,1006,0.0,0.0,0,0,0
1783743885,2,1,1006,1258,0.0,0.0,0,0,0
1783743885,2,2,1006,1006,0.0,0.0,0,0,0
1783743885,2,3,1006,1006,0.0,0.0,0,0,0
1783743890,1,1,1006,1258,0.0,0.0,0,0,0
1783743890,1,2,1006,1006,0.0,0.0,0,0,0
1783743890,3,1,1006,1258,0.0,0.0,0,0,0
1783743890,3,2,1006,1006,0.0,0.0,0,0,0
1783743890,2,1,1006,1258,0.0,0.0,0,0,0
1783743890,2,2,1006,1006,0.0,0.0,0,0,0
1783743890,2,3,1006,1006,0.0,0.0,0,0,0
1783743895,3,1,1006,1258,0.0,0.0,0,0,0
1783743895,3,2,1006,1006,0.0,0.0,0,0,0
1783743895,2,1,1006,1258,0.0,0.0,0,0,0
1783743895,2,2,1006,1006,0.0,0.0,0,0,0
1783743895,2,3,1006,1006,0.0,0.0,0,0,0
1783743895,1,1,1006,1258,0.0,0.0,0,0,0
1783743895,1,2,1006,1006,0.0,0.0,0,0,0
1783743900,3,1,1006,1258,0.0,0.0,0,0,0
1783743900,3,2,1006,1006,0.0,0.0,0,0,0
1783743900,1,1,1006,1258,0.0,0.0,0,0,0
1783743900,1,2,1006,1006,0.0,0.0,0,0,0
1783743900,2,1,1006,1258,0.0,0.0,0,0,0
1783743900,2,2,1006,1006,0.0,0.0,0,0,0
1783743900,2,3,1006,1006,0.0,0.0,0,0,0
1783743905,3,1,1006,1258,0.0,0.0,0,0,0
1783743905,3,2,1006,1006,0.0,0.0,0,0,0
1783743905,1,1,1006,1258,0.0,0.0,0,0,0
1783743905,1,2,1006,1006,0.0,0.0,0,0,0
1783743905,2,1,1006,1258,0.0,0.0,0,0,0
1783743905,2,2,1006,1006,0.0,0.0,0,0,0
1783743905,2,3,1006,1006,0.0,0.0,0,0,0
1783743910,1,1,1006,1258,0.0,0.0,0,0,0
1783743910,1,2,1006,1006,0.0,0.0,0,0,0
1783743910,3,1,1006,1258,0.0,0.0,0,0,0
1783743910,3,2,1006,1006,0.0,0.0,0,0,0
1783743910,2,1,1006,1258,0.0,0.0,0,0,0
1783743910,2,2,1006,1006,0.0,0.0,0,0,0
1783743910,2,3,1006,1006,0.0,0.0,0,0,0
1783743915,1,1,1006,1258,0.0,0.0,0,0,0
1783743915,1,2,1006,1006,0.0,0.0,0,0,0
1783743915,3,1,1006,1258,0.0,0.0,0,0,0
1783743915,3,2,1006,1006,0.0,0.0,0,0,0
1783743915,2,1,1006,1258,0.0,0.0,0,0,0
1783743915,2,2,1006,1006,0.0,0.0,0,0,0
1783743915,2,3,1006,1006,0.0,0.0,0,0,0
1783743920,3,1,1006,1258,0.0,0.0,0,0,0
1783743920,3,2,1006,1006,0.0,0.0,0,0,0
1783743920,1,1,1006,1258,0.0,0.0,0,0,0
1783743920,1,2,1006,1006,0.0,0.0,0,0,0
1783743920,2,1,1006,1258,0.0,0.0,0,0,0
1783743920,2,2,1006,1006,0.0,0.0,0,0,0
1783743920,2,3,1006,1006,0.0,0.0,0,0,0
1783743925,3,1,1006,1258,0.0,0.0,0,0,0
1783743925,3,2,1006,1006,0.0,0.0,0,0,0
1783743925,1,1,1006,1258,0.0,0.0,0,0,0
1783743925,1,2,1006,1006,0.0,0.0,0,0,0
1783743925,2,1,1006,1258,0.0,0.0,0,0,0
1783743925,2,2,1006,1006,0.0,0.0,0,0,0
1783743925,2,3,1006,1006,0.0,0.0,0,0,0
1783743930,1,1,1006,1258,0.0,0.0,0,0,0
1783743930,1,2,1006,1006,0.0,0.0,0,0,0
1783743930,2,1,1006,1258,0.0,0.0,0,0,0
1783743930,2,2,1006,1006,0.0,0.0,0,0,0
1783743930,2,3,1006,1006,0.0,0.0,0,0,0
1783743930,3,1,1006,1258,0.0,0.0,0,0,0
1783743930,3,2,1006,1006,0.0,0.0,0,0,0
1783743935,1,1,1006,1258,0.0,0.0,0,0,0
1783743935,1,2,1006,1006,0.0,0.0,0,0,0
1783743935,2,1,1006,1258,0.0,0.0,0,0,0
1783743935,2,2,1006,1006,0.0,0.0,0,0,0
1783743935,2,3,1006,1006,0.0,0.0,0,0,0
1783743935,3,1,1006,1258,0.0,0.0,0,0,0
1783743935,3,2,1006,1006,0.0,0.0,0,0,0
1783743940,3,1,1006,1258,0.0,0.0,0,0,0
1783743940,3,2,1006,1006,0.0,0.0,0,0,0
1783743940,2,1,1006,1258,0.0,0.0,0,0,0
1783743940,2,2,1006,1006,0.0,0.0,0,0,0
1783743940,2,3,1006,1006,0.0,0.0,0,0,0
1783743940,1,1,1006,1258,0.0,0.0,0,0,0
1783743940,1,2,1006,1006,0.0,0.0,0,0,0
1783743945,2,1,1006,1258,0.0,0.0,0,0,0
1783743945,2,2,1006,1006,0.0,0.0,0,0,0
1783743945,2,3,1006,1006,0.0,0.0,0,0,0
1783743945,3,1,1006,1258,0.0,0.0,0,0,0
1783743945,3,2,1006,1006,0.0,0.0,0,0,0
1783743945,1,1,1006,1258,0.0,0.0,0,0,0
1783743945,1,2,1006,1006,0.0,0.0,0,0,0
1783743950,3,1,1006,1258,0.0,0.0,0,0,0
1783743950,3,2,1006,1006,0.0,0.0,0,0,0
1783743950,1,1,1006,1258,0.0,0.0,0,0,0
1783743950,1,2,1006,1006,0.0,0.0,0,0,0
1783743950,2,1,1006,1258,0.0,0.0,0,0,0
1783743950,2,2,1006,1006,0.0,0.0,0,0,0
1783743950,2,3,1006,1006,0.0,0.0,0,0,0
1783743955,1,1,1006,1258,0.0,0.0,0,0,0
1783743955,1,2,1006,1006,0.0,0.0,0,0,0
1783743955,2,1,1006,1258,0.0,0.0,0,0,0
1783743955,2,2,1006,1006,0.0,0.0,0,0,0
1783743955,2,3,1006,1006,0.0,0.0,0,0,0
1783743955,3,1,1006,1258,0.0,0.0,0,0,0
1783743955,3,2,1006,1006,0.0,0.0,0,0,0
1783743960,3,1,1006,1258,0.0,0.0,0,0,0
1783743960,3,2,1006,1006,0.0,0.0,0,0,0
1783743960,1,1,1006,1258,0.0,0.0,0,0,0
1783743960,1,2,1006,1006,0.0,0.0,0,0,0
1783743960,2,1,1006,1258,0.0,0.0,0,0,0
1783743960,2,2,1006,1006,0.0,0.0,0,0,0
1783743960,2,3,1006,1006,0.0,0.0,0,0,0
1783743965,1,1,1006,1258,0.0,0.0,0,0,0
1783743965,1,2,1006,1006,0.0,0.0,0,0,0
1783743965,2,1,1006,1258,0.0,0.0,0,0,0
1783743965,2,2,1006,1006,0.0,0.0,0,0,0
1783743965,2,3,1006,1006,0.0,0.0,0,0,0
1783743965,3,1,1006,1258,0.0,0.0,0,0,0
1783743965,3,2,1006,1006,0.0,0.0,0,0,0
1783743970,1,1,1006,1258,0.0,0.0,0,0,0
1783743970,1,2,1006,1006,0.0,0.0,0,0,0
1783743970,3,1,1006,1258,0.0,0.0,0,0,0
1783743970,3,2,1006,1006,0.0,0.0,0,0,0
1783743970,2,1,1006,1258,0.0,0.0,0,0,0
1783743970,2,2,1006,1006,0.0,0.0,0,0,0
1783743970,2,3,1006,1006,0.0,0.0,0,0,0
1783743975,2,1,1006,1258,0.0,0.0,0,0,0
1783743975,2,2,1006,1006,0.0,0.0,0,0,0
1783743975,2,3,1006,1006,0.0,0.0,0,0,0
1783743975,1,1,1006,1258,0.0,0.0,0,0,0
1783743975,1,2,1006,1006,0.0,0.0,0,0,0
1783743975,3,1,1006,1258,0.0,0.0,0,0,0
1783743975,3,2,1006,1006,0.0,0.0,0,0,0
1783743980,1,1,1006,1258,0.0,0.0,0,0,0
1783743980,1,2,1006,1006,0.0,0.0,0,0,0
1783743980,3,1,1006,1258,0.0,0.0,0,0,0
1783743980,3,2,1006,1006,0.0,0.0,0,0,0
1783743980,2,1,1006,1258,0.0,0.0,0,0,0
1783743980,2,2,1006,1006,0.0,0.0,0,0,0
1783743980,2,3,1006,1006,0.0,0.0,0,0,0
1783743985,1,1,1006,1258,0.0,0.0,0,0,0
1783743985,1,2,1006,1006,0.0,0.0,0,0,0
1783743985,3,1,1006,1258,0.0,0.0,0,0,0
1783743985,3,2,1006,1006,0.0,0.0,0,0,0
1783743985,2,1,1006,1258,0.0,0.0,0,0,0
1783743985,2,2,1006,1006,0.0,0.0,0,0,0
1783743985,2,3,1006,1006,0.0,0.0,0,0,0
1783743990,1,1,1006,1258,0.0,0.0,0,0,0
1783743990,1,2,1006,1006,0.0,0.0,0,0,0
1783743990,2,1,1006,1258,0.0,0.0,0,0,0
1783743990,2,2,1006,1006,0.0,0.0,0,0,0
1783743990,2,3,1006,1006,0.0,0.0,0,0,0
1783743990,3,1,1006,1258,0.0,0.0,0,0,0
1783743990,3,2,1006,1006,0.0,0.0,0,0,0
1783743995,3,1,1006,1258,0.0,0.0,0,0,0
1783743995,3,2,1006,1006,0.0,0.0,0,0,0
1783743995,1,1,1006,1258,0.0,0.0,0,0,0
1783743995,1,2,1006,1006,0.0,0.0,0,0,0
1783743995,2,1,1006,1258,0.0,0.0,0,0,0
1783743995,2,2,1006,1006,0.0,0.0,0,0,0
1783743995,2,3,1006,1006,0.0,0.0,0,0,0
1783744000,1,1,1006,1258,0.0,0.0,0,0,0
1783744000,1,2,1006,1006,0.0,0.0,0,0,0
1783744000,3,1,1006,1258,0.0,0.0,0,0,0
1783744000,3,2,1006,1006,0.0,0.0,0,0,0
1783744000,2,1,1006,1258,0.0,0.0,0,0,0
1783744000,2,2,1006,1006,0.0,0.0,0,0,0
1783744000,2,3,1006,1006,0.0,0.0,0,0,0
1783744005,1,1,1006,1258,0.0,0.0,0,0,0
1783744005,1,2,1006,1006,0.0,0.0,0,0,0
1783744005,3,1,1006,1258,0.0,0.0,0,0,0
1783744005,3,2,1006,1006,0.0,0.0,0,0,0
1783744005,2,1,1006,1258,0.0,0.0,0,0,0
1783744005,2,2,1006,1006,0.0,0.0,0,0,0
1783744005,2,3,1006,1006,0.0,0.0,0,0,0
1783744010,1,1,1006,1258,0.0,0.0,0,0,0
1783744010,1,2,1006,1006,0.0,0.0,0,0,0
1783744010,3,1,1006,1258,0.0,0.0,0,0,0
1783744010,3,2,1006,1006,0.0,0.0,0,0,0
1783744010,2,1,1006,1258,0.0,0.0,0,0,0
1783744010,2,2,1006,1006,0.0,0.0,0,0,0
1783744010,2,3,1006,1006,0.0,0.0,0,0,0
1783744015,3,1,1006,1258,0.0,0.0,0,0,0
1783744015,3,2,1006,1006,0.0,0.0,0,0,0
1783744015,1,1,1006,1258,0.0,0.0,0,0,0
1783744015,1,2,1006,1006,0.0,0.0,0,0,0
1783744015,2,1,1006,1258,0.0,0.0,0,0,0
1783744015,2,2,1006,1006,0.0,0.0,0,0,0
1783744015,2,3,1006,1006,0.0,0.0,0,0,0
1783744020,3,1,1006,1258,0.0,0.0,0,0,0
1783744020,3,2,1006,1006,0.0,0.0,0,0,0
1783744020,1,1,1006,1258,0.0,0.0,0,0,0
1783744020,1,2,1006,1006,0.0,0.0,0,0,0
1783744020,2,1,1006,1258,0.0,0.0,0,0,0
1783744020,2,2,1006,1006,0.0,0.0,0,0,0
1783744020,2,3,1006,1006,0.0,0.0,0,0,0
1783744025,1,1,1006,1258,0.0,0.0,0,0,0
1783744025,1,2,1006,1006,0.0,0.0,0,0,0
1783744025,3,1,1006,1258,0.0,0.0,0,0,0
1783744025,3,2,1006,1006,0.0,0.0,0,0,0
1783744025,2,1,1006,1258,0.0,0.0,0,0,0
1783744025,2,2,1006,1006,0.0,0.0,0,0,0
1783744025,2,3,1006,1006,0.0,0.0,0,0,0
1783744302,1,1,1006,1258,0.0,0.0,0,0,0
1783744302,1,2,1006,1006,0.0,0.0,0,0,0
1783744302,3,1,1006,1258,0.0,0.0,0,0,0
1783744302,3,2,1006,1006,0.0,0.0,0,0,0
1783744302,2,1,1006,1258,0.0,0.0,0,0,0
1783744302,2,2,1006,1006,0.0,0.0,0,0,0
1783744302,2,3,1006,1006,0.0,0.0,0,0,0
1783744307,1,1,1006,1258,0.0,0.0,0,0,0
1783744307,1,2,1006,1006,0.0,0.0,0,0,0
1783744307,2,1,1006,1258,0.0,0.0,0,0,0
1783744307,2,2,1006,1006,0.0,0.0,0,0,0
1783744307,2,3,1006,1006,0.0,0.0,0,0,0
1783744307,3,1,1006,1258,0.0,0.0,0,0,0
1783744307,3,2,1006,1006,0.0,0.0,0,0,0
1783744312,1,1,1006,1258,0.0,0.0,0,0,0
1783744312,1,2,1006,1006,0.0,0.0,0,0,0
1783744312,3,1,1006,1258,0.0,0.0,0,0,0
1783744312,3,2,1006,1006,0.0,0.0,0,0,0
1783744312,2,1,1006,1258,0.0,0.0,0,0,0
1783744312,2,2,1006,1006,0.0,0.0,0,0,0
1783744312,2,3,1006,1006,0.0,0.0,0,0,0
1783744317,1,1,1006,1258,0.0,0.0,0,0,0
1783744317,1,2,1006,1006,0.0,0.0,0,0,0
1783744317,3,1,1006,1258,0.0,0.0,0,0,0
1783744317,3,2,1006,1006,0.0,0.0,0,0,0
1783744317,2,1,1006,1258,0.0,0.0,0,0,0
1783744317,2,2,1006,1006,0.0,0.0,0,0,0
1783744317,2,3,1006,1006,0.0,0.0,0,0,0
1783744322,1,1,1006,1258,0.0,0.0,0,0,0
1783744322,1,2,1006,1006,0.0,0.0,0,0,0
1783744322,3,1,1006,1258,0.0,0.0,0,0,0
1783744322,3,2,1006,1006,0.0,0.0,0,0,0
1783744322,2,1,1006,1258,0.0,0.0,0,0,0
1783744322,2,2,1006,1006,0.0,0.0,0,0,0
1783744322,2,3,1006,1006,0.0,0.0,0,0,0
1783744327,1,1,1006,1258,0.0,0.0,0,0,0
1783744327,1,2,1006,1006,0.0,0.0,0,0,0
1783744327,3,1,1006,1258,0.0,0.0,0,0,0
1783744327,3,2,1006,1006,0.0,0.0,0,0,0
1783744327,2,1,1006,1258,0.0,0.0,0,0,0
1783744327,2,2,1006,1006,0.0,0.0,0,0,0
1783744327,2,3,1006,1006,0.0,0.0,0,0,0
1783744332,1,1,1006,1258,0.0,0.0,0,0,0
1783744332,1,2,1006,1006,0.0,0.0,0,0,0
1783744332,3,1,1006,1258,0.0,0.0,0,0,0
1783744332,3,2,1006,1006,0.0,0.0,0,0,0
1783744332,2,1,1006,1258,0.0,0.0,0,0,0
1783744332,2,2,1006,1006,0.0,0.0,0,0,0
1783744332,2,3,1006,1006,0.0,0.0,0,0,0
1783744337,3,1,1006,1258,0.0,0.0,0,0,0
1783744337,3,2,1006,1006,0.0,0.0,0,0,0
1783744337,1,1,1006,1258,0.0,0.0,0,0,0
1783744337,1,2,1006,1006,0.0,0.0,0,0,0
1783744337,2,1,1006,1258,0.0,0.0,0,0,0
1783744337,2,2,1006,1006,0.0,0.0,0,0,0
1783744337,2,3,1006,1006,0.0,0.0,0,0,0
1783744342,1,1,1006,1258,0.0,0.0,0,0,0
1783744342,1,2,1006,1006,0.0,0.0,0,0,0
1783744342,3,1,1006,1258,0.0,0.0,0,0,0
1783744342,3,2,1006,1006,0.0,0.0,0,0,0
1783744342,2,1,1006,1258,0.0,0.0,0,0,0
1783744342,2,2,1006,1006,0.0,0.0,0,0,0
1783744342,2,3,1006,1006,0.0,0.0,0,0,0
1783744347,1,1,1006,1258,0.0,0.0,0,0,0
1783744347,1,2,1006,1006,0.0,0.0,0,0,0
1783744347,3,1,1006,1258,0.0,0.0,0,0,0
1783744347,3,2,1006,1006,0.0,0.0,0,0,0
1783744347,2,1,1006,1258,0.0,0.0,0,0,0
1783744347,2,2,1006,1006,0.0,0.0,0,0,0
1783744347,2,3,1006,1006,0.0,0.0,0,0,0
1783744352,1,1,1006,1258,0.0,0.0,0,0,0
1783744352,1,2,1006,1006,0.0,0.0,0,0,0
1783744352,2,1,1006,1258,0.0,0.0,0,0,0
1783744352,2,2,1006,1006,0.0,0.0,0,0,0
1783744352,2,3,1006,1006,0.0,0.0,0,0,0
1783744352,3,1,1006,1258,0.0,0.0,0,0,0
1783744352,3,2,1006,1006,0.0,0.0,0,0,0
1783744357,1,1,1006,1258,0.0,0.0,0,0,0
1783744357,1,2,1006,1006,0.0,0.0,0,0,0
1783744357,2,1,1006,1258,0.0,0.0,0,0,0
1783744357,2,2,1006,1006,0.0,0.0,0,0,0
1783744357,2,3,1006,1006,0.0,0.0,0,0,0
1783744357,3,1,1006,1258,0.0,0.0,0,0,0
1783744357,3,2,1006,1006,0.0,0.0,0,0,0
1783744362,1,1,1006,1258,0.0,0.0,0,0,0
1783744362,1,2,1006,1006,0.0,0.0,0,0,0
1783744362,2,1,1006,1258,0.0,0.0,0,0,0
1783744362,2,2,1006,1006,0.0,0.0,0,0,0
1783744362,2,3,1006,1006,0.0,0.0,0,0,0
1783744362,3,1,1006,1258,0.0,0.0,0,0,0
1783744362,3,2,1006,1006,0.0,0.0,0,0,0
1783744367,1,1,1006,1258,0.0,0.0,0,0,0
1783744367,1,2,1006,1006,0.0,0.0,0,0,0
1783744367,3,1,1006,1258,0.0,0.0,0,0,0
1783744367,3,2,1006,1006,0.0,0.0,0,0,0
1783744367,2,1,1006,1258,0.0,0.0,0,0,0
1783744367,2,2,1006,1006,0.0,0.0,0,0,0
1783744367,2,3,1006,1006,0.0,0.0,0,0,0
1783744372,3,1,1006,1258,0.0,0.0,0,0,0
1783744372,3,2,1006,1006,0.0,0.0,0,0,0
1783744372,1,1,1006,1258,0.0,0.0,0,0,0
1783744372,1,2,1006,1006,0.0,0.0,0,0,0
1783744372,2,1,1006,1258,0.0,0.0,0,0,0
1783744372,2,2,1006,1006,0.0,0.0,0,0,0
1783744372,2,3,1006,1006,0.0,0.0,0,0,0
1783744377,1,1,1006,1258,0.0,0.0,0,0,0
1783744377,1,2,1006,1006,0.0,0.0,0,0,0
1783744377,3,1,1006,1258,0.0,0.0,0,0,0
1783744377,3,2,1006,1006,0.0,0.0,0,0,0
1783744377,2,1,1006,1258,0.0,0.0,0,0,0
1783744377,2,2,1006,1006,0.0,0.0,0,0,0
1783744377,2,3,1006,1006,0.0,0.0,0,0,0
1783744382,3,1,1006,1258,0.0,0.0,0,0,0
1783744382,3,2,1006,1006,0.0,0.0,0,0,0
1783744382,1,1,1006,1258,0.0,0.0,0,0,0
1783744382,1,2,1006,1006,0.0,0.0,0,0,0
1783744382,2,1,1006,1258,0.0,0.0,0,0,0
1783744382,2,2,1006,1006,0.0,0.0,0,0,0
1783744382,2,3,1006,1006,0.0,0.0,0,0,0
1783744387,1,1,1076,1258,0.11,0.0,0,0,0
1783744387,1,2,1006,1006,0.0,0.0,0,0,0
1783744387,3,1,1006,1258,0.0,0.0,0,0,0
1783744387,3,2,1006,1006,0.0,0.0,0,0,0
1783744387,2,1,1006,1258,0.0,0.0,0,0,0
1783744387,2,2,1006,1006,0.0,0.0,0,0,0
1783744387,2,3,1006,1006,0.0,0.0,0,0,0
1783744392,2,1,1006,1258,0.0,0.0,0,0,0
1783744392,2,2,1006,1006,0.0,0.0,0,0,0
1783744392,2,3,1006,1006,0.0,0.0,0,0,0
1783744392,3,1,1006,1258,0.0,0.0,0,0,0
1783744392,3,2,1006,1006,0.0,0.0,0,0,0
1783744392,1,1,1076,1258,0.0,0.0,0,0,0
1783744392,1,2,1006,1006,0.0,0.0,0,0,0
1783744397,1,1,1076,1258,0.0,0.0,0,0,0
1783744397,1,2,1006,1006,0.0,0.0,0,0,0
1783744397,3,1,1006,1258,0.0,0.0,0,0,0
1783744397,3,2,1006,1006,0.0,0.0,0,0,0
1783744397,2,1,1006,1258,0.0,0.0,0,0,0
1783744397,2,2,1006,1006,0.0,0.0,0,0,0
1783744397,2,3,1006,1006,0.0,0.0,0,0,0
1783744402,1,1,1076,1258,0.0,0.0,0,0,0
1783744402,1,2,1006,1006,0.0,0.0,0,0,0
1783744402,2,1,1006,1258,0.0,0.0,0,0,0
1783744402,2,2,1006,1006,0.0,0.0,0,0,0
1783744402,2,3,1006,1006,0.0,0.0,0,0,0
1783744402,3,1,1006,1258,0.0,0.0,0,0,0
1783744402,3,2,1006,1006,0.0,0.0,0,0,0
1783744407,1,1,1076,1258,0.0,0.0,0,0,0
1783744407,1,2,1006,1006,0.0,0.0,0,0,0
1783744407,3,1,1006,1258,0.0,0.0,0,0,0
1783744407,3,2,1006,1006,0.0,0.0,0,0,0
1783744407,2,1,1006,1258,0.0,0.0,0,0,0
1783744407,2,2,1006,1006,0.0,0.0,0,0,0
1783744407,2,3,1006,1006,0.0,0.0,0,0,0
1783744412,3,1,1006,1258,0.0,0.0,0,0,0
1783744412,3,2,1006,1006,0.0,0.0,0,0,0
1783744412,1,1,1076,1258,0.0,0.0,0,0,0
1783744412,1,2,1006,1006,0.0,0.0,0,0,0
1783744412,2,1,1006,1258,0.0,0.0,0,0,0
1783744412,2,2,1006,1006,0.0,0.0,0,0,0
1783744412,2,3,1006,1006,0.0,0.0,0,0,0
1783744417,3,1,1006,1258,0.0,0.0,0,0,0
1783744417,3,2,1006,1006,0.0,0.0,0,0,0
1783744417,1,1,1076,1258,0.0,0.0,0,0,0
1783744417,1,2,1006,1006,0.0,0.0,0,0,0
1783744417,2,1,1006,1258,0.0,0.0,0,0,0
1783744417,2,2,1006,1006,0.0,0.0,0,0,0
1783744417,2,3,1006,1006,0.0,0.0,0,0,0
1783744422,3,1,1006,1258,0.0,0.0,0,0,0
1783744422,3,2,1006,1006,0.0,0.0,0,0,0
1783744422,1,1,1076,1258,0.0,0.0,0,0,0
1783744422,1,2,1006,1006,0.0,0.0,0,0,0
1783744422,2,1,1006,1258,0.0,0.0,0,0,0
1783744422,2,2,1006,1006,0.0,0.0,0,0,0
1783744422,2,3,1006,1006,0.0,0.0,0,0,0
1783744427,2,1,1006,1258,0.0,0.0,0,0,0
1783744427,2,2,1006,1006,0.0,0.0,0,0,0
1783744427,2,3,1006,1006,0.0,0.0,0,0,0
1783744427,1,1,1076,1258,0.0,0.0,0,0,0
1783744427,1,2,1006,1006,0.0,0.0,0,0,0
1783744427,3,1,1006,1258,0.0,0.0,0,0,0
1783744427,3,2,1006,1006,0.0,0.0,0,0,0
1783744432,1,1,1076,1258,0.0,0.0,0,0,0
1783744432,1,2,1006,1006,0.0,0.0,0,0,0
1783744432,3,1,1006,1258,0.0,0.0,0,0,0
1783744432,3,2,1006,1006,0.0,0.0,0,0,0
1783744432,2,1,1006,1258,0.0,0.0,0,0,0
1783744432,2,2,1006,1006,0.0,0.0,0,0,0
1783744432,2,3,1006,1006,0.0,0.0,0,0,0
1783744437,1,1,1076,1258,0.0,0.0,0,0,0
1783744437,1,2,1006,1006,0.0,0.0,0,0,0
1783744437,2,1,1006,1258,0.0,0.0,0,0,0
1783744437,2,2,1006,1006,0.0,0.0,0,0,0
1783744437,2,3,1006,1006,0.0,0.0,0,0,0
1783744437,3,1,1006,1258,0.0,0.0,0,0,0
1783744437,3,2,1006,1006,0.0,0.0,0,0,0
1783744442,1,1,1076,1258,0.0,0.0,0,0,0
1783744442,1,2,1006,1006,0.0,0.0,0,0,0
1783744442,3,1,1006,1258,0.0,0.0,0,0,0
1783744442,3,2,1006,1006,0.0,0.0,0,0,0
1783744442,2,1,1006,1258,0.0,0.0,0,0,0
1783744442,2,2,1006,1006,0.0,0.0,0,0,0
1783744442,2,3,1006,1006,0.0,0.0,0,0,0
1783744447,3,1,1006,1258,0.0,0.0,0,0,0
1783744447,3,2,1006,1006,0.0,0.0,0,0,0
1783744447,1,1,1076,1258,0.0,0.0,0,0,0
1783744447,1,2,1006,1006,0.0,0.0,0,0,0
1783744447,2,1,1006,1258,0.0,0.0,0,0,0
1783744447,2,2,1006,1006,0.0,0.0,0,0,0
1783744447,2,3,1006,1006,0.0,0.0,0,0,0
1783744452,2,1,1006,1258,0.0,0.0,0,0,0
1783744452,2,2,1006,1006,0.0,0.0,0,0,0
1783744452,2,3,1006,1006,0.0,0.0,0,0,0
1783744452,1,1,1076,1258,0.0,0.0,0,0,0
1783744452,1,2,1006,1006,0.0,0.0,0,0,0
1783744452,3,1,1076,1258,0.11,0.0,0,0,0
1783744452,3,2,1006,1006,0.0,0.0,0,0,0
1783744457,3,1,1076,1258,0.0,0.0,0,0,0
1783744457,3,2,1006,1006,0.0,0.0,0,0,0
1783744457,1,1,1076,1258,0.0,0.0,0,0,0
1783744457,1,2,1006,1006,0.0,0.0,0,0,0
1783744457,2,1,1006,1258,0.0,0.0,0,0,0
1783744457,2,2,1006,1006,0.0,0.0,0,0,0
1783744457,2,3,1006,1006,0.0,0.0,0,0,0
1783744462,1,1,1076,1258,0.0,0.0,0,0,0
1783744462,1,2,1006,1006,0.0,0.0,0,0,0
1783744462,3,1,1076,1258,0.0,0.0,0,0,0
1783744462,3,2,1006,1006,0.0,0.0,0,0,0
1783744462,2,1,1006,1258,0.0,0.0,0,0,0
1783744462,2,2,1006,1006,0.0,0.0,0,0,0
1783744462,2,3,1006,1006,0.0,0.0,0,0,0
1783744467,3,1,1076,1328,0.0,0.11,0,0,0
1783744467,3,2,1006,1006,0.0,0.0,0,0,0
1783744467,1,1,1076,1258,0.0,0.0,0,0,0
1783744467,1,2,1006,1006,0.0,0.0,0,0,0
1783744467,2,1,1006,1258,0.0,0.0,0,0,0
1783744467,2,2,1006,1006,0.0,0.0,0,0,0
1783744467,2,3,1006,1006,0.0,0.0,0,0,0
1783744472,1,1,1076,1258,0.0,0.0,0,0,0
1783744472,1,2,1006,1006,0.0,0.0,0,0,0
1783744472,3,1,1076,1328,0.0,0.0,0,0,0
1783744472,3,2,1006,1006,0.0,0.0,0,0,0
1783744472,2,1,1006,1258,0.0,0.0,0,0,0
1783744472,2,2,1006,1006,0.0,0.0,0,0,0
1783744472,2,3,1006,1006,0.0,0.0,0,0,0
1783744477,1,1,1076,1258,0.0,0.0,0,0,0
1783744477,1,2,1006,1006,0.0,0.0,0,0,0
1783744477,3,1,1076,1328,0.0,0.0,0,0,0
1783744477,3,2,1006,1006,0.0,0.0,0,0,0
1783744477,2,1,1006,1258,0.0,0.0,0,0,0
1783744477,2,2,1006,1006,0.0,0.0,0,0,0
1783744477,2,3,1006,1006,0.0,0.0,0,0,0
1783744482,1,1,1076,1258,0.0,0.0,0,0,0
1783744482,1,2,1006,1006,0.0,0.0,0,0,0
1783744482,3,1,1076,1328,0.0,0.0,0,0,0
1783744482,3,2,1006,1006,0.0,0.0,0,0,0
1783744482,2,1,1006,1258,0.0,0.0,0,0,0
1783744482,2,2,1006,1006,0.0,0.0,0,0,0
1783744482,2,3,1006,1006,0.0,0.0,0,0,0
1783744487,1,1,1076,1258,0.0,0.0,0,0,0
1783744487,1,2,1006,1006,0.0,0.0,0,0,0
1783744487,3,1,1076,1328,0.0,0.0,0,0,0
1783744487,3,2,1006,1006,0.0,0.0,0,0,0
1783744487,2,1,1006,1258,0.0,0.0,0,0,0
1783744487,2,2,1006,1006,0.0,0.0,0,0,0
1783744487,2,3,1006,1006,0.0,0.0,0,0,0
1783744492,1,1,1076,1258,0.0,0.0,0,0,0
1783744492,1,2,1006,1006,0.0,0.0,0,0,0
1783744492,3,1,1076,1328,0.0,0.0,0,0,0
1783744492,3,2,1006,1006,0.0,0.0,0,0,0
1783744492,2,1,1006,1258,0.0,0.0,0,0,0
1783744492,2,2,1006,1006,0.0,0.0,0,0,0
1783744492,2,3,1006,1006,0.0,0.0,0,0,0
1783744497,3,1,1076,1328,0.0,0.0,0,0,0
1783744497,3,2,1006,1006,0.0,0.0,0,0,0
1783744497,2,1,1006,1258,0.0,0.0,0,0,0
1783744497,2,2,1006,1006,0.0,0.0,0,0,0
1783744497,2,3,1006,1006,0.0,0.0,0,0,0
1783744497,1,1,1076,1258,0.0,0.0,0,0,0
1783744497,1,2,1006,1006,0.0,0.0,0,0,0
1783744502,2,1,1006,1258,0.0,0.0,0,0,0
1783744502,2,2,1006,1006,0.0,0.0,0,0,0
1783744502,2,3,1006,1006,0.0,0.0,0,0,0
1783744502,3,1,1076,1328,0.0,0.0,0,0,0
1783744502,3,2,1006,1006,0.0,0.0,0,0,0
1783744502,1,1,1076,1258,0.0,0.0,0,0,0
1783744502,1,2,1006,1006,0.0,0.0,0,0,0
1783744507,1,1,1076,1258,0.0,0.0,0,0,0
1783744507,1,2,1006,1006,0.0,0.0,0,0,0
1783744507,3,1,1076,1328,0.0,0.0,0,0,0
1783744507,3,2,1006,1006,0.0,0.0,0,0,0
1783744507,2,1,1006,1258,0.0,0.0,0,0,0
1783744507,2,2,1006,1006,0.0,0.0,0,0,0
1783744507,2,3,1006,1006,0.0,0.0,0,0,0
1783744512,1,1,1076,1258,0.0,0.0,0,0,0
1783744512,1,2,1006,1006,0.0,0.0,0,0,0
1783744512,2,1,1006,1258,0.0,0.0,0,0,0
1783744512,2,2,1006,1006,0.0,0.0,0,0,0
1783744512,2,3,1006,1006,0.0,0.0,0,0,0
1783744512,3,1,1076,1328,0.0,0.0,0,0,0
1783744512,3,2,1006,1006,0.0,0.0,0,0,0
1783744517,2,1,1006,1258,0.0,0.0,0,0,0
1783744517,2,2,1006,1076,0.0,0.11,0,0,0
1783744517,2,3,1006,1006,0.0,0.0,0,0,0
1783744517,3,1,1076,1328,0.0,0.0,0,0,0
1783744517,3,2,1006,1006,0.0,0.0,0,0,0
1783744517,1,1,1076,1258,0.0,0.0,0,0,0
1783744517,1,2,1076,1006,0.11,0.0,0,0,0
1783744522,1,1,1076,1258,0.0,0.0,0,0,0
1783744522,1,2,1076,1006,0.0,0.0,0,0,0
1783744522,3,1,1076,1328,0.0,0.0,0,0,0
1783744522,3,2,1006,1006,0.0,0.0,0,0,0
1783744522,2,1,1006,1258,0.0,0.0,0,0,0
1783744522,2,2,1006,1076,0.0,0.0,0,0,0
1783744522,2,3,1006,1006,0.0,0.0,0,0,0
1783744527,2,1,1006,1258,0.0,0.0,0,0,0
1783744527,2,2,1006,1076,0.0,0.0,0,0,0
1783744527,2,3,1006,1006,0.0,0.0,0,0,0
1783744527,1,1,1076,1258,0.0,0.0,0,0,0
1783744527,1,2,1076,1006,0.0,0.0,0,0,0
1783744527,3,1,1076,1328,0.0,0.0,0,0,0
1783744527,3,2,1006,1006,0.0,0.0,0,0,0
1783744532,3,1,1076,1328,0.0,0.0,0,0,0
1783744532,3,2,1006,1076,0.0,0.11,0,0,0
1783744532,2,1,1006,1258,0.0,0.0,0,0,0
1783744532,2,2,1076,1076,0.11,0.0,0,0,0
1783744532,2,3,1076,1006,0.11,0.0,0,0,0
1783744532,1,1,1076,1258,0.0,0.0,0,0,0
1783744532,1,2,1076,1076,0.0,0.11,0,0,0
1783744537,3,1,1076,1328,0.0,0.0,0,0,0
1783744537,3,2,1006,1076,0.0,0.0,0,0,0
1783744537,1,1,1076,1258,0.0,0.0,0,0,0
1783744537,1,2,1076,1076,0.0,0.0,0,0,0
1783744537,2,1,1006,1258,0.0,0.0,0,0,0
1783744537,2,2,1076,1076,0.0,0.0,0,0,0
1783744537,2,3,1076,1006,0.0,0.0,0,0,0
1783744542,1,1,1076,1258,0.0,0.0,0,0,0
1783744542,1,2,1076,1076,0.0,0.0,0,0,0
1783744542,3,1,1076,1328,0.0,0.0,0,0,0
1783744542,3,2,1006,1076,0.0,0.0,0,0,0
1783744542,2,1,1006,1258,0.0,0.0,0,0,0
1783744542,2,2,1076,1076,0.0,0.0,0,0,0
1783744542,2,3,1076,1006,0.0,0.0,0,0,0
1783744547,3,1,1076,1328,0.0,0.0,0,0,0
1783744547,3,2,1076,1076,0.11,0.0,0,0,0
1783744547,1,1,1076,1258,0.0,0.0,0,0,0
1783744547,1,2,1076,1076,0.0,0.0,0,0,0
1783744547,2,1,1006,1258,0.0,0.0,0,0,0
1783744547,2,2,1076,1076,0.0,0.0,0,0,0
1783744547,2,3,1076,1076,0.0,0.11,0,0,0
1783744552,1,1,1076,1258,0.0,0.0,0,0,0
1783744552,1,2,1076,1076,0.0,0.0,0,0,0
1783744552,2,1,1006,1258,0.0,0.0,0,0,0
1783744552,2,2,1076,1076,0.0,0.0,0,0,0
1783744552,2,3,1076,1076,0.0,0.0,0,0,0
1783744552,3,1,1076,1328,0.0,0.0,0,0,0
1783744552,3,2,1076,1076,0.0,0.0,0,0,0
1783744557,3,1,1076,1328,0.0,0.0,0,0,0
1783744557,3,2,1076,1076,0.0,0.0,0,0,0
1783744557,2,1,1006,1258,0.0,0.0,0,0,0
1783744557,2,2,1076,1076,0.0,0.0,0,0,0
1783744557,2,3,1076,1076,0.0,0.0,0,0,0
1783744557,1,1,1076,1258,0.0,0.0,0,0,0
1783744557,1,2,1076,1076,0.0,0.0,0,0,0
1783744562,1,1,1076,1258,0.0,0.0,0,0,0
1783744562,1,2,1076,1076,0.0,0.0,0,0,0
1783744562,2,1,1006,1258,0.0,0.0,0,0,0
1783744562,2,2,1076,1076,0.0,0.0,0,0,0
1783744562,2,3,1076,1076,0.0,0.0,0,0,0
1783744562,3,1,1076,1328,0.0,0.0,0,0,0
1783744562,3,2,1076,1076,0.0,0.0,0,0,0
1783744567,1,1,1076,1258,0.0,0.0,0,0,0
1783744567,1,2,1076,1076,0.0,0.0,0,0,0
1783744567,3,1,1076,1328,0.0,0.0,0,0,0
1783744567,3,2,1076,1076,0.0,0.0,0,0,0
1783744567,2,1,1006,1258,0.0,0.0,0,0,0
1783744567,2,2,1076,1076,0.0,0.0,0,0,0
1783744567,2,3,1076,1076,0.0,0.0,0,0,0
1783744572,1,1,1076,1258,0.0,0.0,0,0,0
1783744572,1,2,1076,1076,0.0,0.0,0,0,0
1783744572,3,1,1076,1328,0.0,0.0,0,0,0
1783744572,3,2,1076,1076,0.0,0.0,0,0,0
1783744572,2,1,1006,1258,0.0,0.0,0,0,0
1783744572,2,2,1076,1076,0.0,0.0,0,0,0
1783744572,2,3,1076,1076,0.0,0.0,0,0,0
1783744577,2,1,1006,1258,0.0,0.0,0,0,0
1783744577,2,2,1076,1076,0.0,0.0,0,0,0
1783744577,2,3,1076,1076,0.0,0.0,0,0,0
1783744577,3,1,1076,1328,0.0,0.0,0,0,0
1783744577,3,2,1076,1076,0.0,0.0,0,0,0
1783744577,1,1,1076,1258,0.0,0.0,0,0,0
1783744577,1,2,1076,1076,0.0,0.0,0,0,0
1783744582,1,1,1076,1258,0.0,0.0,0,0,0
1783744582,1,2,1076,1076,0.0,0.0,0,0,0
1783744582,2,1,1006,1258,0.0,0.0,0,0,0
1783744582,2,2,1076,1076,0.0,0.0,0,0,0
1783744582,2,3,1076,1076,0.0,0.0,0,0,0
1783744582,3,1,1076,1328,0.0,0.0,0,0,0
1783744582,3,2,1076,1076,0.0,0.0,0,0,0
1783744587,3,1,1076,1328,0.0,0.0,0,0,0
1783744587,3,2,1076,1076,0.0,0.0,0,0,0
1783744587,1,1,1076,1258,0.0,0.0,0,0,0
1783744587,1,2,1076,1076,0.0,0.0,0,0,0
1783744587,2,1,1006,1258,0.0,0.0,0,0,0
1783744587,2,2,1076,1076,0.0,0.0,0,0,0
1783744587,2,3,1076,1076,0.0,0.0,0,0,0
1783744592,3,1,1076,1328,0.0,0.0,0,0,0
1783744592,3,2,1076,1076,0.0,0.0,0,0,0
1783744592,1,1,1076,1258,0.0,0.0,0,0,0
1783744592,1,2,1076,1076,0.0,0.0,0,0,0
1783744592,2,1,1006,1258,0.0,0.0,0,0,0
1783744592,2,2,1076,1076,0.0,0.0,0,0,0
1783744592,2,3,1076,1076,0.0,0.0,0,0,0
1783744597,1,1,1076,1258,0.0,0.0,0,0,0
1783744597,1,2,1076,1076,0.0,0.0,0,0,0
1783744597,3,1,1076,1328,0.0,0.0,0,0,0
1783744597,3,2,1076,1076,0.0,0.0,0,0,0
1783744597,2,1,1006,1258,0.0,0.0,0,0,0
1783744597,2,2,1076,1076,0.0,0.0,0,0,0
1783744597,2,3,1076,1076,0.0,0.0,0,0,0
1783744602,3,1,1076,1328,0.0,0.0,0,0,0
1783744602,3,2,1076,1076,0.0,0.0,0,0,0
1783744602,1,1,1076,1258,0.0,0.0,0,0,0
1783744602,1,2,1076,1076,0.0,0.0,0,0,0
1783744602,2,1,1006,1258,0.0,0.0,0,0,0
1783744602,2,2,1076,1076,0.0,0.0,0,0,0
1783744602,2,3,1076,1076,0.0,0.0,0,0,0
1783744607,2,1,1006,1258,0.0,0.0,0,0,0
1783744607,2,2,1076,1076,0.0,0.0,0,0,0
1783744607,2,3,1076,1076,0.0,0.0,0,0,0
1783744607,3,1,1076,1328,0.0,0.0,0,0,0
1783744607,3,2,1076,1076,0.0,0.0,0,0,0
1783744607,1,1,1076,1258,0.0,0.0,0,0,0
1783744607,1,2,1076,1076,0.0,0.0,0,0,0
1783744612,1,1,1076,1258,0.0,0.0,0,0,0
1783744612,1,2,1076,1076,0.0,0.0,0,0,0
1783744612,3,1,1076,1328,0.0,0.0,0,0,0
1783744612,3,2,1076,1076,0.0,0.0,0,0,0
1783744612,2,1,1006,1258,0.0,0.0,0,0,0
1783744612,2,2,1076,1076,0.0,0.0,0,0,0
1783744612,2,3,1076,1076,0.0,0.0,0,0,0
1783744617,1,1,1076,1258,0.0,0.0,0,0,0
1783744617,1,2,1076,1076,0.0,0.0,0,0,0
1783744617,3,1,1076,1328,0.0,0.0,0,0,0
1783744617,3,2,1076,1076,0.0,0.0,0,0,0
1783744617,2,1,1006,1258,0.0,0.0,0,0,0
1783744617,2,2,1076,1076,0.0,0.0,0,0,0
1783744617,2,3,1076,1076,0.0,0.0,0,0,0
1783744622,1,1,1076,1258,0.0,0.0,0,0,0
1783744622,1,2,1076,1076,0.0,0.0,0,0,0
1783744622,2,1,1006,1258,0.0,0.0,0,0,0
1783744622,2,2,1076,1076,0.0,0.0,0,0,0
1783744622,2,3,1076,1076,0.0,0.0,0,0,0
1783744622,3,1,1076,1328,0.0,0.0,0,0,0
1783744622,3,2,1076,1076,0.0,0.0,0,0,0
1783744627,1,1,1076,1258,0.0,0.0,0,0,0
1783744627,1,2,1076,1076,0.0,0.0,0,0,0
1783744627,3,1,1076,1328,0.0,0.0,0,0,0
1783744627,3,2,1076,1076,0.0,0.0,0,0,0
1783744627,2,1,1006,1258,0.0,0.0,0,0,0
1783744627,2,2,1076,1076,0.0,0.0,0,0,0
1783744627,2,3,1076,1076,0.0,0.0,0,0,0
1783744632,1,1,1076,1258,0.0,0.0,0,0,0
1783744632,1,2,1076,1076,0.0,0.0,0,0,0
1783744632,3,1,1076,1328,0.0,0.0,0,0,0
1783744632,3,2,1076,1076,0.0,0.0,0,0,0
1783744632,2,1,1006,1258,0.0,0.0,0,0,0
1783744632,2,2,1076,1076,0.0,0.0,0,0,0
1783744632,2,3,1076,1076,0.0,0.0,0,0,0
1783744637,1,1,1076,1258,0.0,0.0,0,0,0
1783744637,1,2,1076,1076,0.0,0.0,0,0,0
1783744637,3,1,1076,1328,0.0,0.0,0,0,0
1783744637,3,2,1076,1076,0.0,0.0,0,0,0
1783744637,2,1,1006,1258,0.0,0.0,0,0,0
1783744637,2,2,1076,1076,0.0,0.0,0,0,0
1783744637,2,3,1076,1076,0.0,0.0,0,0,0
1783744642,1,1,1076,1258,0.0,0.0,0,0,0
1783744642,1,2,1076,1076,0.0,0.0,0,0,0
1783744642,2,1,1006,1258,0.0,0.0,0,0,0
1783744642,2,2,1076,1076,0.0,0.0,0,0,0
1783744642,2,3,1076,1076,0.0,0.0,0,0,0
1783744642,3,1,1076,1328,0.0,0.0,0,0,0
1783744642,3,2,1076,1076,0.0,0.0,0,0,0
1783744647,3,1,1076,1328,0.0,0.0,0,0,0
1783744647,3,2,1076,1076,0.0,0.0,0,0,0
1783744647,2,1,1076,1258,0.11,0.0,0,0,0
1783744647,2,2,1076,1076,0.0,0.0,0,0,0
1783744647,2,3,1076,1076,0.0,0.0,0,0,0
1783744647,1,1,1076,1328,0.0,0.11,0,0,0
1783744647,1,2,1076,1076,0.0,0.0,0,0,0
1783744652,1,1,1076,1328,0.0,0.0,0,0,0
1783744652,1,2,1076,1076,0.0,0.0,0,0,0
1783744652,2,1,1076,1258,0.0,0.0,0,0,0
1783744652,2,2,1076,1076,0.0,0.0,0,0,0
1783744652,2,3,1076,1076,0.0,0.0,0,0,0
1783744652,3,1,1076,1328,0.0,0.0,0,0,0
1783744652,3,2,1076,1076,0.0,0.0,0,0,0
1783744657,1,1,1076,1328,0.0,0.0,0,0,0
1783744657,1,2,1076,1076,0.0,0.0,0,0,0
1783744657,3,1,1076,1328,0.0,0.0,0,0,0
1783744657,3,2,1076,1076,0.0,0.0,0,0,0
1783744657,2,1,1076,1258,0.0,0.0,0,0,0
1783744657,2,2,1076,1076,0.0,0.0,0,0,0
1783744657,2,3,1076,1076,0.0,0.0,0,0,0
1783744662,1,1,1076,1328,0.0,0.0,0,0,0
1783744662,1,2,1076,1076,0.0,0.0,0,0,0
1783744662,3,1,1076,1328,0.0,0.0,0,0,0
1783744662,3,2,1076,1076,0.0,0.0,0,0,0
1783744662,2,1,1076,1258,0.0,0.0,0,0,0
1783744662,2,2,1076,1076,0.0,0.0,0,0,0
1783744662,2,3,1076,1076,0.0,0.0,0,0,0
1783744667,3,1,1076,1328,0.0,0.0,0,0,0
1783744667,3,2,1076,1076,0.0,0.0,0,0,0
1783744667,1,1,1076,1328,0.0,0.0,0,0,0
1783744667,1,2,1076,1076,0.0,0.0,0,0,0
1783744667,2,1,1076,1258,0.0,0.0,0,0,0
1783744667,2,2,1076,1076,0.0,0.0,0,0,0
1783744667,2,3,1076,1076,0.0,0.0,0,0,0
1783744672,3,1,1076,1328,0.0,0.0,0,0,0
1783744672,3,2,1076,1076,0.0,0.0,0,0,0
1783744672,1,1,1076,1328,0.0,0.0,0,0,0
1783744672,1,2,1076,1076,0.0,0.0,0,0,0
1783744672,2,1,1076,1258,0.0,0.0,0,0,0
1783744672,2,2,1076,1076,0.0,0.0,0,0,0
1783744672,2,3,1076,1076,0.0,0.0,0,0,0
1783744677,1,1,1076,1328,0.0,0.0,0,0,0
1783744677,1,2,1076,1076,0.0,0.0,0,0,0
1783744677,3,1,1076,1328,0.0,0.0,0,0,0
1783744677,3,2,1076,1076,0.0,0.0,0,0,0
1783744677,2,1,1076,1258,0.0,0.0,0,0,0
1783744677,2,2,1076,1076,0.0,0.0,0,0,0
1783744677,2,3,1076,1076,0.0,0.0,0,0,0
1783744682,1,1,1076,1328,0.0,0.0,0,0,0
1783744682,1,2,1076,1076,0.0,0.0,0,0,0
1783744682,2,1,1076,1258,0.0,0.0,0,0,0
1783744682,2,2,1076,1076,0.0,0.0,0,0,0
1783744682,2,3,1076,1076,0.0,0.0,0,0,0
1783744682,3,1,1076,1328,0.0,0.0,0,0,0
1783744682,3,2,1076,1076,0.0,0.0,0,0,0
1783744687,1,1,1076,1328,0.0,0.0,0,0,0
1783744687,1,2,1076,1076,0.0,0.0,0,0,0
1783744687,2,1,1076,1258,0.0,0.0,0,0,0
1783744687,2,2,1076,1076,0.0,0.0,0,0,0
1783744687,2,3,1076,1076,0.0,0.0,0,0,0
1783744687,3,1,1076,1328,0.0,0.0,0,0,0
1783744687,3,2,1076,1076,0.0,0.0,0,0,0
1783744692,1,1,1076,1328,0.0,0.0,0,0,0
1783744692,1,2,1076,1076,0.0,0.0,0,0,0
1783744692,3,1,1076,1328,0.0,0.0,0,0,0
1783744692,3,2,1076,1076,0.0,0.0,0,0,0
1783744692,2,1,1076,1258,0.0,0.0,0,0,0
1783744692,2,2,1076,1076,0.0,0.0,0,0,0
1783744692,2,3,1076,1076,0.0,0.0,0,0,0
1783744697,1,1,1076,1328,0.0,0.0,0,0,0
1783744697,1,2,1076,1076,0.0,0.0,0,0,0
1783744697,3,1,1076,1328,0.0,0.0,0,0,0
1783744697,3,2,1076,1076,0.0,0.0,0,0,0
1783744697,2,1,1076,1258,0.0,0.0,0,0,0
1783744697,2,2,1076,1076,0.0,0.0,0,0,0
1783744697,2,3,1076,1076,0.0,0.0,0,0,0
1783744702,3,1,1076,1328,0.0,0.0,0,0,0
1783744702,3,2,1076,1076,0.0,0.0,0,0,0
1783744702,1,1,1076,1328,0.0,0.0,0,0,0
1783744702,1,2,1076,1076,0.0,0.0,0,0,0
1783744702,2,1,1076,1258,0.0,0.0,0,0,0
1783744702,2,2,1076,1076,0.0,0.0,0,0,0
1783744702,2,3,1076,1076,0.0,0.0,0,0,0
1783744707,1,1,1076,1328,0.0,0.0,0,0,0
1783744707,1,2,1076,1076,0.0,0.0,0,0,0
1783744707,2,1,1076,1258,0.0,0.0,0,0,0
1783744707,2,2,1076,1076,0.0,0.0,0,0,0
1783744707,2,3,1076,1076,0.0,0.0,0,0,0
1783744707,3,1,1076,1328,0.0,0.0,0,0,0
1783744707,3,2,1076,1076,0.0,0.0,0,0,0
1783744712,3,1,1076,1328,0.0,0.0,0,0,0
1783744712,3,2,1076,1076,0.0,0.0,0,0,0
1783744712,1,1,1076,1328,0.0,0.0,0,0,0
1783744712,1,2,1076,1076,0.0,0.0,0,0,0
1783744712,2,1,1076,1258,0.0,0.0,0,0,0
1783744712,2,2,1076,1076,0.0,0.0,0,0,0
1783744712,2,3,1076,1076,0.0,0.0,0,0,0
1783744717,3,1,1076,1328,0.0,0.0,0,0,0
1783744717,3,2,1076,1076,0.0,0.0,0,0,0
1783744717,2,1,1076,1258,0.0,0.0,0,0,0
1783744717,2,2,1076,1076,0.0,0.0,0,0,0
1783744717,2,3,1076,1076,0.0,0.0,0,0,0
1783744717,1,1,1076,1328,0.0,0.0,0,0,0
1783744717,1,2,1076,1076,0.0,0.0,0,0,0
1783744722,3,1,1076,1328,0.0,0.0,0,0,0
1783744722,3,2,1076,1076,0.0,0.0,0,0,0
1783744722,2,1,1076,1258,0.0,0.0,0,0,0
1783744722,2,2,1076,1076,0.0,0.0,0,0,0
1783744722,2,3,1076,1076,0.0,0.0,0,0,0
1783744722,1,1,1076,1328,0.0,0.0,0,0,0
1783744722,1,2,1076,1076,0.0,0.0,0,0,0
1783744727,1,1,1076,1328,0.0,0.0,0,0,0
1783744727,1,2,1076,1076,0.0,0.0,0,0,0
1783744727,3,1,1076,1328,0.0,0.0,0,0,0
1783744727,3,2,1076,1076,0.0,0.0,0,0,0
1783744727,2,1,1076,1258,0.0,0.0,0,0,0
1783744727,2,2,1076,1076,0.0,0.0,0,0,0
1783744727,2,3,1076,1076,0.0,0.0,0,0,0
1783744732,2,1,1076,1258,0.0,0.0,0,0,0
1783744732,2,2,1076,1076,0.0,0.0,0,0,0
1783744732,2,3,1076,1076,0.0,0.0,0,0,0
1783744732,1,1,1076,1328,0.0,0.0,0,0,0
1783744732,1,2,1076,1076,0.0,0.0,0,0,0
1783744732,3,1,1076,1328,0.0,0.0,0,0,0
1783744732,3,2,1076,1076,0.0,0.0,0,0,0
1783744737,1,1,1076,1328,0.0,0.0,0,0,0
1783744737,1,2,1076,1076,0.0,0.0,0,0,0
1783744737,3,1,1076,1328,0.0,0.0,0,0,0
1783744737,3,2,1076,1076,0.0,0.0,0,0,0
1783744737,2,1,1076,1258,0.0,0.0,0,0,0
1783744737,2,2,1076,1076,0.0,0.0,0,0,0
1783744737,2,3,1076,1076,0.0,0.0,0,0,0
1783744742,1,1,1076,1328,0.0,0.0,0,0,0
1783744742,1,2,1076,1076,0.0,0.0,0,0,0
1783744742,2,1,1076,1258,0.0,0.0,0,0,0
1783744742,2,2,1076,1076,0.0,0.0,0,0,0
1783744742,2,3,1076,1076,0.0,0.0,0,0,0
1783744742,3,1,1076,1328,0.0,0.0,0,0,0
1783744742,3,2,1076,1076,0.0,0.0,0,0,0
1783744747,1,1,1076,1328,0.0,0.0,0,0,0
1783744747,1,2,1076,1076,0.0,0.0,0,0,0
1783744747,2,1,1076,1328,0.0,0.11,0,0,0
1783744747,2,2,1076,1076,0.0,0.0,0,0,0
1783744747,2,3,1076,1076,0.0,0.0,0,0,0
1783744747,3,1,1076,1328,0.0,0.0,0,0,0
1783744747,3,2,1076,1076,0.0,0.0,0,0,0
1783744752,1,1,1076,1328,0.0,0.0,0,0,0
1783744752,1,2,1076,1076,0.0,0.0,0,0,0
1783744752,2,1,1076,1328,0.0,0.0,0,0,0
1783744752,2,2,1076,1076,0.0,0.0,0,0,0
1783744752,2,3,1076,1076,0.0,0.0,0,0,0
1783744752,3,1,1076,1328,0.0,0.0,0,0,0
1783744752,3,2,1076,1076,0.0,0.0,0,0,0
1783744757,3,1,1076,1328,0.0,0.0,0,0,0
1783744757,3,2,1076,1076,0.0,0.0,0,0,0
1783744757,1,1,1076,1328,0.0,0.0,0,0,0
1783744757,1,2,1076,1076,0.0,0.0,0,0,0
1783744757,2,1,1076,1328,0.0,0.0,0,0,0
1783744757,2,2,1076,1076,0.0,0.0,0,0,0
1783744757,2,3,1076,1076,0.0,0.0,0,0,0
1783744762,1,1,1076,1328,0.0,0.0,0,0,0
1783744762,1,2,1076,1076,0.0,0.0,0,0,0
1783744762,2,1,1076,1328,0.0,0.0,0,0,0
1783744762,2,2,1076,1076,0.0,0.0,0,0,0
1783744762,2,3,1076,1076,0.0,0.0,0,0,0
1783744762,3,1,1076,1328,0.0,0.0,0,0,0
1783744762,3,2,1076,1076,0.0,0.0,0,0,0
1783744767,1,1,1076,1328,0.0,0.0,0,0,0
1783744767,1,2,1076,1076,0.0,0.0,0,0,0
1783744767,3,1,1076,1328,0.0,0.0,0,0,0
1783744767,3,2,1076,1076,0.0,0.0,0,0,0
1783744767,2,1,1076,1328,0.0,0.0,0,0,0
1783744767,2,2,1076,1076,0.0,0.0,0,0,0
1783744767,2,3,1076,1076,0.0,0.0,0,0,0
1783744772,1,1,1076,1328,0.0,0.0,0,0,0
1783744772,1,2,1076,1076,0.0,0.0,0,0,0
1783744772,2,1,1076,1328,0.0,0.0,0,0,0
1783744772,2,2,1076,1076,0.0,0.0,0,0,0
1783744772,2,3,1076,1076,0.0,0.0,0,0,0
1783744772,3,1,1076,1328,0.0,0.0,0,0,0
1783744772,3,2,1076,1076,0.0,0.0,0,0,0
1783744777,1,1,1076,1328,0.0,0.0,0,0,0
1783744777,1,2,1076,1076,0.0,0.0,0,0,0
1783744777,2,1,1076,1328,0.0,0.0,0,0,0
1783744777,2,2,1076,1076,0.0,0.0,0,0,0
1783744777,2,3,1076,1076,0.0,0.0,0,0,0
1783744777,3,1,1076,1328,0.0,0.0,0,0,0
1783744777,3,2,1076,1076,0.0,0.0,0,0,0
1783744782,1,1,1076,1328,0.0,0.0,0,0,0
1783744782,1,2,1076,1076,0.0,0.0,0,0,0
1783744782,3,1,1076,1328,0.0,0.0,0,0,0
1783744782,3,2,1076,1076,0.0,0.0,0,0,0
1783744782,2,1,1076,1328,0.0,0.0,0,0,0
1783744782,2,2,1076,1076,0.0,0.0,0,0,0
1783744782,2,3,1076,1076,0.0,0.0,0,0,0
1783744787,1,1,1076,1328,0.0,0.0,0,0,0
1783744787,1,2,1076,1076,0.0,0.0,0,0,0
1783744787,3,1,1076,1328,0.0,0.0,0,0,0
1783744787,3,2,1076,1076,0.0,0.0,0,0,0
1783744787,2,1,1076,1328,0.0,0.0,0,0,0
1783744787,2,2,1076,1076,0.0,0.0,0,0,0
1783744787,2,3,1076,1076,0.0,0.0,0,0,0
1783744792,3,1,1076,1328,0.0,0.0,0,0,0
1783744792,3,2,1076,1076,0.0,0.0,0,0,0
1783744792,1,1,1076,1328,0.0,0.0,0,0,0
1783744792,1,2,1076,1076,0.0,0.0,0,0,0
1783744792,2,1,1076,1328,0.0,0.0,0,0,0
1783744792,2,2,1076,1076,0.0,0.0,0,0,0
1783744792,2,3,1076,1076,0.0,0.0,0,0,0
1783744797,1,1,1076,1328,0.0,0.0,0,0,0
1783744797,1,2,1076,1076,0.0,0.0,0,0,0
1783744797,3,1,1076,1328,0.0,0.0,0,0,0
1783744797,3,2,1076,1076,0.0,0.0,0,0,0
1783744797,2,1,1076,1328,0.0,0.0,0,0,0
1783744797,2,2,1076,1076,0.0,0.0,0,0,0
1783744797,2,3,1076,1076,0.0,0.0,0,0,0
1783744802,2,1,1076,1328,0.0,0.0,0,0,0
1783744802,2,2,1076,1076,0.0,0.0,0,0,0
1783744802,2,3,1076,1076,0.0,0.0,0,0,0
1783744802,3,1,1076,1328,0.0,0.0,0,0,0
1783744802,3,2,1076,1076,0.0,0.0,0,0,0
1783744802,1,1,1076,1328,0.0,0.0,0,0,0
1783744802,1,2,1076,1076,0.0,0.0,0,0,0
1783744807,1,1,1076,1328,0.0,0.0,0,0,0
1783744807,1,2,1076,1076,0.0,0.0,0,0,0
1783744807,3,1,1076,1328,0.0,0.0,0,0,0
1783744807,3,2,1076,1076,0.0,0.0,0,0,0
1783744807,2,1,1076,1328,0.0,0.0,0,0,0
1783744807,2,2,1076,1076,0.0,0.0,0,0,0
1783744807,2,3,1076,1076,0.0,0.0,0,0,0
1783744812,1,1,1076,1328,0.0,0.0,0,0,0
1783744812,1,2,1076,1076,0.0,0.0,0,0,0
1783744812,2,1,1076,1328,0.0,0.0,0,0,0
1783744812,2,2,1076,1076,0.0,0.0,0,0,0
1783744812,2,3,1076,1076,0.0,0.0,0,0,0
1783744812,3,1,1076,1328,0.0,0.0,0,0,0
1783744812,3,2,1076,1076,0.0,0.0,0,0,0
1783744817,1,1,1076,1328,0.0,0.0,0,0,0
1783744817,1,2,1076,1076,0.0,0.0,0,0,0
1783744817,3,1,1076,1328,0.0,0.0,0,0,0
1783744817,3,2,1076,1076,0.0,0.0,0,0,0
1783744817,2,1,1076,1328,0.0,0.0,0,0,0
1783744817,2,2,1076,1076,0.0,0.0,0,0,0
1783744817,2,3,1076,1076,0.0,0.0,0,0,0
1783744822,1,1,1076,1328,0.0,0.0,0,0,0
1783744822,1,2,1076,1076,0.0,0.0,0,0,0
1783744822,2,1,1076,1328,0.0,0.0,0,0,0
1783744822,2,2,1076,1076,0.0,0.0,0,0,0
1783744822,2,3,1076,1076,0.0,0.0,0,0,0
1783744822,3,1,1076,1328,0.0,0.0,0,0,0
1783744822,3,2,1076,1076,0.0,0.0,0,0,0
1783744827,2,1,1076,1328,0.0,0.0,0,0,0
1783744827,2,2,1076,1076,0.0,0.0,0,0,0
1783744827,2,3,1076,1076,0.0,0.0,0,0,0
1783744827,1,1,1076,1328,0.0,0.0,0,0,0
1783744827,1,2,1076,1076,0.0,0.0,0,0,0
1783744827,3,1,1076,1328,0.0,0.0,0,0,0
1783744827,3,2,1076,1076,0.0,0.0,0,0,0
1783744832,1,1,1076,1328,0.0,0.0,0,0,0
1783744832,1,2,1076,1076,0.0,0.0,0,0,0
1783744832,3,1,1076,1328,0.0,0.0,0,0,0
1783744832,3,2,1076,1076,0.0,0.0,0,0,0
1783744832,2,1,1076,1328,0.0,0.0,0,0,0
1783744832,2,2,1076,1076,0.0,0.0,0,0,0
1783744832,2,3,1076,1076,0.0,0.0,0,0,0
1783744837,3,1,1076,1328,0.0,0.0,0,0,0
1783744837,3,2,1076,1076,0.0,0.0,0,0,0
1783744837,1,1,1076,1328,0.0,0.0,0,0,0
1783744837,1,2,1076,1076,0.0,0.0,0,0,0
1783744837,2,1,1076,1328,0.0,0.0,0,0,0
1783744837,2,2,1076,1076,0.0,0.0,0,0,0
1783744837,2,3,1076,1076,0.0,0.0,0,0,0
1783744842,1,1,1076,1328,0.0,0.0,0,0,0
1783744842,1,2,1076,1076,0.0,0.0,0,0,0
1783744842,3,1,1076,1328,0.0,0.0,0,0,0
1783744842,3,2,1076,1076,0.0,0.0,0,0,0
1783744842,2,1,1076,1328,0.0,0.0,0,0,0
1783744842,2,2,1076,1076,0.0,0.0,0,0,0
1783744842,2,3,1076,1076,0.0,0.0,0,0,0
1783744847,1,1,1076,1328,0.0,0.0,0,0,0
1783744847,1,2,1076,1076,0.0,0.0,0,0,0
1783744847,2,1,1076,1328,0.0,0.0,0,0,0
1783744847,2,2,1076,1076,0.0,0.0,0,0,0
1783744847,2,3,1076,1076,0.0,0.0,0,0,0
1783744847,3,1,1076,1328,0.0,0.0,0,0,0
1783744847,3,2,1076,1076,0.0,0.0,0,0,0
1783744852,1,1,1076,1328,0.0,0.0,0,0,0
1783744852,1,2,1076,1076,0.0,0.0,0,0,0
1783744852,3,1,1076,1328,0.0,0.0,0,0,0
1783744852,3,2,1076,1076,0.0,0.0,0,0,0
1783744852,2,1,1076,1328,0.0,0.0,0,0,0
1783744852,2,2,1076,1076,0.0,0.0,0,0,0
1783744852,2,3,1076,1076,0.0,0.0,0,0,0
1783744857,1,1,1076,1328,0.0,0.0,0,0,0
1783744857,1,2,1076,1076,0.0,0.0,0,0,0
1783744857,2,1,1076,1328,0.0,0.0,0,0,0
1783744857,2,2,1076,1076,0.0,0.0,0,0,0
1783744857,2,3,1076,1076,0.0,0.0,0,0,0
1783744857,3,1,1076,1328,0.0,0.0,0,0,0
1783744857,3,2,1076,1076,0.0,0.0,0,0,0
1783744862,1,1,1076,1328,0.0,0.0,0,0,0
1783744862,1,2,1076,1076,0.0,0.0,0,0,0
1783744862,3,1,1076,1328,0.0,0.0,0,0,0
1783744862,3,2,1076,1076,0.0,0.0,0,0,0
1783744862,2,1,1076,1328,0.0,0.0,0,0,0
1783744862,2,2,1076,1076,0.0,0.0,0,0,0
1783744862,2,3,1076,1076,0.0,0.0,0,0,0
1783744867,1,1,1076,1328,0.0,0.0,0,0,0
1783744867,1,2,1076,1076,0.0,0.0,0,0,0
1783744867,3,1,1076,1328,0.0,0.0,0,0,0
1783744867,3,2,1076,1076,0.0,0.0,0,0,0
1783744867,2,1,1076,1328,0.0,0.0,0,0,0
1783744867,2,2,1076,1076,0.0,0.0,0,0,0
1783744867,2,3,1076,1076,0.0,0.0,0,0,0
1783744872,1,1,1076,1328,0.0,0.0,0,0,0
1783744872,1,2,1076,1076,0.0,0.0,0,0,0
1783744872,3,1,1076,1328,0.0,0.0,0,0,0
1783744872,3,2,1076,1076,0.0,0.0,0,0,0
1783744872,2,1,1076,1328,0.0,0.0,0,0,0
1783744872,2,2,1076,1076,0.0,0.0,0,0,0
1783744872,2,3,1076,1076,0.0,0.0,0,0,0
1783744877,1,1,1076,1328,0.0,0.0,0,0,0
1783744877,1,2,1076,1076,0.0,0.0,0,0,0
1783744877,3,1,1076,1328,0.0,0.0,0,0,0
1783744877,3,2,1076,1076,0.0,0.0,0,0,0
1783744877,2,1,1076,1328,0.0,0.0,0,0,0
1783744877,2,2,1076,1076,0.0,0.0,0,0,0
1783744877,2,3,1076,1076,0.0,0.0,0,0,0
1783744882,1,1,1076,1328,0.0,0.0,0,0,0
1783744882,1,2,1076,1076,0.0,0.0,0,0,0
1783744882,3,1,1076,1328,0.0,0.0,0,0,0
1783744882,3,2,1076,1076,0.0,0.0,0,0,0
1783744882,2,1,1076,1328,0.0,0.0,0,0,0
1783744882,2,2,1076,1076,0.0,0.0,0,0,0
1783744882,2,3,1076,1076,0.0,0.0,0,0,0
1783744887,3,1,1076,1328,0.0,0.0,0,0,0
1783744887,3,2,1076,1076,0.0,0.0,0,0,0
1783744887,1,1,1076,1328,0.0,0.0,0,0,0
1783744887,1,2,1076,1076,0.0,0.0,0,0,0
1783744887,2,1,1076,1328,0.0,0.0,0,0,0
1783744887,2,2,1076,1076,0.0,0.0,0,0,0
1783744887,2,3,1076,1076,0.0,0.0,0,0,0
1783744892,1,1,1076,1328,0.0,0.0,0,0,0
1783744892,1,2,1076,1076,0.0,0.0,0,0,0
1783744892,2,1,1076,1328,0.0,0.0,0,0,0
1783744892,2,2,1076,1076,0.0,0.0,0,0,0
1783744892,2,3,1076,1076,0.0,0.0,0,0,0
1783744892,3,1,1076,1328,0.0,0.0,0,0,0
1783744892,3,2,1076,1076,0.0,0.0,0,0,0
1783744897,1,1,1076,1328,0.0,0.0,0,0,0
1783744897,1,2,1076,1076,0.0,0.0,0,0,0
1783744897,3,1,1076,1328,0.0,0.0,0,0,0
1783744897,3,2,1076,1076,0.0,0.0,0,0,0
1783744897,2,1,1076,1328,0.0,0.0,0,0,0
1783744897,2,2,1076,1076,0.0,0.0,0,0,0
1783744897,2,3,1076,1076,0.0,0.0,0,0,0
1783744902,3,1,1076,1328,0.0,0.0,0,0,0
1783744902,3,2,1076,1076,0.0,0.0,0,0,0
1783744902,2,1,1076,1328,0.0,0.0,0,0,0
1783744902,2,2,1076,1076,0.0,0.0,0,0,0
1783744902,2,3,1076,1076,0.0,0.0,0,0,0
1783744902,1,1,1076,1328,0.0,0.0,0,0,0
1783744902,1,2,1076,1076,0.0,0.0,0,0,0
1783744907,3,1,1076,1328,0.0,0.0,0,0,0
1783744907,3,2,1076,1076,0.0,0.0,0,0,0
1783744907,1,1,1076,1328,0.0,0.0,0,0,0
1783744907,1,2,1076,1076,0.0,0.0,0,0,0
1783744907,2,1,1076,1328,0.0,0.0,0,0,0
1783744907,2,2,1076,1076,0.0,0.0,0,0,0
1783744907,2,3,1076,1076,0.0,0.0,0,0,0
1783744912,1,1,1076,1328,0.0,0.0,0,0,0
1783744912,1,2,1076,1076,0.0,0.0,0,0,0
1783744912,3,1,1076,1328,0.0,0.0,0,0,0
1783744912,3,2,1076,1076,0.0,0.0,0,0,0
1783744912,2,1,1076,1328,0.0,0.0,0,0,0
1783744912,2,2,1076,1076,0.0,0.0,0,0,0
1783744912,2,3,1076,1076,0.0,0.0,0,0,0
1783744917,1,1,1076,1328,0.0,0.0,0,0,0
1783744917,1,2,1076,1076,0.0,0.0,0,0,0
1783744917,3,1,1076,1328,0.0,0.0,0,0,0
1783744917,3,2,1076,1076,0.0,0.0,0,0,0
1783744917,2,1,1076,1328,0.0,0.0,0,0,0
1783744917,2,2,1076,1076,0.0,0.0,0,0,0
1783744917,2,3,1076,1076,0.0,0.0,0,0,0
1783744922,1,1,1076,1328,0.0,0.0,0,0,0
1783744922,1,2,1076,1076,0.0,0.0,0,0,0
1783744922,2,1,1076,1328,0.0,0.0,0,0,0
1783744922,2,2,1076,1076,0.0,0.0,0,0,0
1783744922,2,3,1076,1076,0.0,0.0,0,0,0
1783744922,3,1,1076,1328,0.0,0.0,0,0,0
1783744922,3,2,1076,1076,0.0,0.0,0,0,0
1783744927,3,1,1076,1328,0.0,0.0,0,0,0
1783744927,3,2,1076,1076,0.0,0.0,0,0,0
1783744927,1,1,1076,1328,0.0,0.0,0,0,0
1783744927,1,2,1076,1076,0.0,0.0,0,0,0
1783744927,2,1,1076,1328,0.0,0.0,0,0,0
1783744927,2,2,1076,1076,0.0,0.0,0,0,0
1783744927,2,3,1076,1076,0.0,0.0,0,0,0
1783744932,1,1,1076,1328,0.0,0.0,0,0,0
1783744932,1,2,1076,1076,0.0,0.0,0,0,0
1783744932,3,1,1076,1328,0.0,0.0,0,0,0
1783744932,3,2,1076,1076,0.0,0.0,0,0,0
1783744932,2,1,1076,1328,0.0,0.0,0,0,0
1783744932,2,2,1076,1076,0.0,0.0,0,0,0
1783744932,2,3,1076,1076,0.0,0.0,0,0,0
1783744937,1,1,1076,1328,0.0,0.0,0,0,0
1783744937,1,2,1076,1076,0.0,0.0,0,0,0
1783744937,2,1,1076,1328,0.0,0.0,0,0,0
1783744937,2,2,1076,1076,0.0,0.0,0,0,0
1783744937,2,3,1076,1076,0.0,0.0,0,0,0
1783744937,3,1,1076,1328,0.0,0.0,0,0,0
1783744937,3,2,1076,1076,0.0,0.0,0,0,0
1783744942,1,1,1076,1328,0.0,0.0,0,0,0
1783744942,1,2,1076,1076,0.0,0.0,0,0,0
1783744942,2,1,1076,1328,0.0,0.0,0,0,0
1783744942,2,2,1076,1076,0.0,0.0,0,0,0
1783744942,2,3,1076,1076,0.0,0.0,0,0,0
1783744942,3,1,1076,1328,0.0,0.0,0,0,0
1783744942,3,2,1076,1076,0.0,0.0,0,0,0
1783744947,1,1,1076,1328,0.0,0.0,0,0,0
1783744947,1,2,1076,1076,0.0,0.0,0,0,0
1783744947,3,1,1076,1328,0.0,0.0,0,0,0
1783744947,3,2,1076,1076,0.0,0.0,0,0,0
1783744947,2,1,1076,1328,0.0,0.0,0,0,0
1783744947,2,2,1076,1076,0.0,0.0,0,0,0
1783744947,2,3,1076,1076,0.0,0.0,0,0,0
1783744952,1,1,1076,1328,0.0,0.0,0,0,0
1783744952,1,2,1076,1076,0.0,0.0,0,0,0
1783744952,3,1,1076,1328,0.0,0.0,0,0,0
1783744952,3,2,1076,1076,0.0,0.0,0,0,0
1783744952,2,1,1076,1328,0.0,0.0,0,0,0
1783744952,2,2,1076,1076,0.0,0.0,0,0,0
1783744952,2,3,1076,1076,0.0,0.0,0,0,0
1783744957,1,1,1076,1328,0.0,0.0,0,0,0
1783744957,1,2,1076,1076,0.0,0.0,0,0,0
1783744957,2,1,1076,1328,0.0,0.0,0,0,0
1783744957,2,2,1076,1076,0.0,0.0,0,0,0
1783744957,2,3,1076,1076,0.0,0.0,0,0,0
1783744957,3,1,1076,1328,0.0,0.0,0,0,0
1783744957,3,2,1076,1076,0.0,0.0,0,0,0
1783744962,1,1,1076,1328,0.0,0.0,0,0,0
1783744962,1,2,1076,1076,0.0,0.0,0,0,0
1783744962,2,1,1076,1328,0.0,0.0,0,0,0
1783744962,2,2,1076,1076,0.0,0.0,0,0,0
1783744962,2,3,1076,1076,0.0,0.0,0,0,0
1783744962,3,1,1076,1328,0.0,0.0,0,0,0
1783744962,3,2,1076,1076,0.0,0.0,0,0,0
1783744967,1,1,1076,1328,0.0,0.0,0,0,0
1783744967,1,2,1076,1076,0.0,0.0,0,0,0
1783744967,2,1,1076,1328,0.0,0.0,0,0,0
1783744967,2,2,1076,1076,0.0,0.0,0,0,0
1783744967,2,3,1076,1076,0.0,0.0,0,0,0
1783744967,3,1,1076,1328,0.0,0.0,0,0,0
1783744967,3,2,1076,1076,0.0,0.0,0,0,0
1783744972,1,1,1076,1328,0.0,0.0,0,0,0
1783744972,1,2,1076,1076,0.0,0.0,0,0,0
1783744972,3,1,1076,1328,0.0,0.0,0,0,0
1783744972,3,2,1076,1076,0.0,0.0,0,0,0
1783744972,2,1,1076,1328,0.0,0.0,0,0,0
1783744972,2,2,1076,1076,0.0,0.0,0,0,0
1783744972,2,3,1076,1076,0.0,0.0,0,0,0
1783744977,1,1,1076,1328,0.0,0.0,0,0,0
1783744977,1,2,1076,1076,0.0,0.0,0,0,0
1783744977,3,1,1076,1328,0.0,0.0,0,0,0
1783744977,3,2,1076,1076,0.0,0.0,0,0,0
1783744977,2,1,1076,1328,0.0,0.0,0,0,0
1783744977,2,2,1076,1076,0.0,0.0,0,0,0
1783744977,2,3,1076,1076,0.0,0.0,0,0,0
1783744982,1,1,1076,1328,0.0,0.0,0,0,0
1783744982,1,2,1076,1076,0.0,0.0,0,0,0
1783744982,2,1,1076,1328,0.0,0.0,0,0,0
1783744982,2,2,1076,1076,0.0,0.0,0,0,0
1783744982,2,3,1076,1076,0.0,0.0,0,0,0
1783744982,3,1,1076,1328,0.0,0.0,0,0,0
1783744982,3,2,1076,1076,0.0,0.0,0,0,0
1783744987,1,1,1076,1328,0.0,0.0,0,0,0
1783744987,1,2,1076,1076,0.0,0.0,0,0,0
1783744987,3,1,1076,1328,0.0,0.0,0,0,0
1783744987,3,2,1076,1076,0.0,0.0,0,0,0
1783744987,2,1,1076,1328,0.0,0.0,0,0,0
1783744987,2,2,1076,1076,0.0,0.0,0,0,0
1783744987,2,3,1076,1076,0.0,0.0,0,0,0
1783744992,2,1,1076,1328,0.0,0.0,0,0,0
1783744992,2,2,1076,1076,0.0,0.0,0,0,0
1783744992,2,3,1076,1076,0.0,0.0,0,0,0
1783744992,1,1,1076,1328,0.0,0.0,0,0,0
1783744992,1,2,1076,1076,0.0,0.0,0,0,0
1783744992,3,1,1076,1328,0.0,0.0,0,0,0
1783744992,3,2,1076,1076,0.0,0.0,0,0,0
1783744997,1,1,1076,1328,0.0,0.0,0,0,0
1783744997,1,2,1076,1076,0.0,0.0,0,0,0
1783744997,3,1,1076,1328,0.0,0.0,0,0,0
1783744997,3,2,1076,1076,0.0,0.0,0,0,0
1783744997,2,1,1076,1328,0.0,0.0,0,0,0
1783744997,2,2,1076,1076,0.0,0.0,0,0,0
1783744997,2,3,1076,1076,0.0,0.0,0,0,0
1783745002,1,1,1076,1328,0.0,0.0,0,0,0
1783745002,1,2,1076,1076,0.0,0.0,0,0,0
1783745002,3,1,1076,1328,0.0,0.0,0,0,0
1783745002,3,2,1076,1076,0.0,0.0,0,0,0
1783745002,2,1,1076,1328,0.0,0.0,0,0,0
1783745002,2,2,1076,1076,0.0,0.0,0,0,0
1783745002,2,3,1076,1076,0.0,0.0,0,0,0
1783745007,1,1,1076,1328,0.0,0.0,0,0,0
1783745007,1,2,1076,1076,0.0,0.0,0,0,0
1783745007,2,1,1076,1328,0.0,0.0,0,0,0
1783745007,2,2,1076,1076,0.0,0.0,0,0,0
1783745007,2,3,1076,1076,0.0,0.0,0,0,0
1783745007,3,1,1076,1328,0.0,0.0,0,0,0
1783745007,3,2,1076,1076,0.0,0.0,0,0,0
1783745012,1,1,1076,1328,0.0,0.0,0,0,0
1783745012,1,2,1076,1076,0.0,0.0,0,0,0
1783745012,3,1,1076,1328,0.0,0.0,0,0,0
1783745012,3,2,1076,1076,0.0,0.0,0,0,0
1783745012,2,1,1076,1328,0.0,0.0,0,0,0
1783745012,2,2,1076,1076,0.0,0.0,0,0,0
1783745012,2,3,1076,1076,0.0,0.0,0,0,0
1783745017,1,1,1076,1328,0.0,0.0,0,0,0
1783745017,1,2,1076,1076,0.0,0.0,0,0,0
1783745017,3,1,1076,1328,0.0,0.0,0,0,0
1783745017,3,2,1076,1076,0.0,0.0,0,0,0
1783745017,2,1,1076,1328,0.0,0.0,0,0,0
1783745017,2,2,1076,1076,0.0,0.0,0,0,0
1783745017,2,3,1076,1076,0.0,0.0,0,0,0
1783745022,1,1,1076,1328,0.0,0.0,0,0,0
1783745022,1,2,1076,1076,0.0,0.0,0,0,0
1783745022,3,1,1076,1328,0.0,0.0,0,0,0
1783745022,3,2,1076,1076,0.0,0.0,0,0,0
1783745022,2,1,1076,1328,0.0,0.0,0,0,0
1783745022,2,2,1076,1076,0.0,0.0,0,0,0
1783745022,2,3,1076,1076,0.0,0.0,0,0,0
1783745027,3,1,1076,1328,0.0,0.0,0,0,0
1783745027,3,2,1076,1076,0.0,0.0,0,0,0
1783745027,1,1,1076,1328,0.0,0.0,0,0,0
1783745027,1,2,1076,1076,0.0,0.0,0,0,0
1783745027,2,1,1076,1328,0.0,0.0,0,0,0
1783745027,2,2,1076,1076,0.0,0.0,0,0,0
1783745027,2,3,1076,1076,0.0,0.0,0,0,0
1783745032,2,1,1076,1328,0.0,0.0,0,0,0
1783745032,2,2,1076,1076,0.0,0.0,0,0,0
1783745032,2,3,1076,1076,0.0,0.0,0,0,0
1783745032,1,1,1076,1328,0.0,0.0,0,0,0
1783745032,1,2,1076,1076,0.0,0.0,0,0,0
1783745032,3,1,1076,1328,0.0,0.0,0,0,0
1783745032,3,2,1076,1076,0.0,0.0,0,0,0
1783745037,1,1,1076,1328,0.0,0.0,0,0,0
1783745037,1,2,1076,1076,0.0,0.0,0,0,0
1783745037,2,1,1076,1328,0.0,0.0,0,0,0
1783745037,2,2,1076,1076,0.0,0.0,0,0,0
1783745037,2,3,1076,1076,0.0,0.0,0,0,0
1783745037,3,1,1076,1328,0.0,0.0,0,0,0
1783745037,3,2,1076,1076,0.0,0.0,0,0,0
1783745042,1,1,1076,1328,0.0,0.0,0,0,0
1783745042,1,2,1076,1076,0.0,0.0,0,0,0
1783745042,3,1,1076,1328,0.0,0.0,0,0,0
1783745042,3,2,1076,1076,0.0,0.0,0,0,0
1783745042,2,1,1076,1328,0.0,0.0,0,0,0
1783745042,2,2,1076,1076,0.0,0.0,0,0,0
1783745042,2,3,1076,1076,0.0,0.0,0,0,0
1783745047,3,1,1076,1328,0.0,0.0,0,0,0
1783745047,3,2,1076,1076,0.0,0.0,0,0,0
1783745047,1,1,1076,1328,0.0,0.0,0,0,0
1783745047,1,2,1076,1076,0.0,0.0,0,0,0
1783745047,2,1,1076,1328,0.0,0.0,0,0,0
1783745047,2,2,1076,1076,0.0,0.0,0,0,0
1783745047,2,3,1076,1076,0.0,0.0,0,0,0
1783745052,3,1,1076,1328,0.0,0.0,0,0,0
1783745052,3,2,1076,1076,0.0,0.0,0,0,0
1783745052,1,1,1076,1328,0.0,0.0,0,0,0
1783745052,1,2,1076,1076,0.0,0.0,0,0,0
1783745052,2,1,1076,1328,0.0,0.0,0,0,0
1783745052,2,2,1076,1076,0.0,0.0,0,0,0
1783745052,2,3,1076,1076,0.0,0.0,0,0,0
1783745057,1,1,1076,1328,0.0,0.0,0,0,0
1783745057,1,2,1076,1076,0.0,0.0,0,0,0
1783745057,3,1,1076,1328,0.0,0.0,0,0,0
1783745057,3,2,1076,1076,0.0,0.0,0,0,0
1783745057,2,1,1076,1328,0.0,0.0,0,0,0
1783745057,2,2,1076,1076,0.0,0.0,0,0,0
1783745057,2,3,1076,1076,0.0,0.0,0,0,0
1783745062,1,1,1076,1328,0.0,0.0,0,0,0
1783745062,1,2,1076,1076,0.0,0.0,0,0,0
1783745062,2,1,1076,1328,0.0,0.0,0,0,0
1783745062,2,2,1076,1076,0.0,0.0,0,0,0
1783745062,2,3,1076,1076,0.0,0.0,0,0,0
1783745062,3,1,1076,1328,0.0,0.0,0,0,0
1783745062,3,2,1076,1076,0.0,0.0,0,0,0
1783745067,1,1,1076,1328,0.0,0.0,0,0,0
1783745067,1,2,1076,1076,0.0,0.0,0,0,0
1783745067,3,1,1076,1328,0.0,0.0,0,0,0
1783745067,3,2,1076,1076,0.0,0.0,0,0,0
1783745067,2,1,1076,1328,0.0,0.0,0,0,0
1783745067,2,2,1076,1076,0.0,0.0,0,0,0
1783745067,2,3,1076,1076,0.0,0.0,0,0,0
1783745072,1,1,1076,1328,0.0,0.0,0,0,0
1783745072,1,2,1076,1076,0.0,0.0,0,0,0
1783745072,2,1,1076,1328,0.0,0.0,0,0,0
1783745072,2,2,1076,1076,0.0,0.0,0,0,0
1783745072,2,3,1076,1076,0.0,0.0,0,0,0
1783745072,3,1,1076,1328,0.0,0.0,0,0,0
1783745072,3,2,1076,1076,0.0,0.0,0,0,0
1783745077,2,1,1076,1328,0.0,0.0,0,0,0
1783745077,2,2,1076,1076,0.0,0.0,0,0,0
1783745077,2,3,1076,1076,0.0,0.0,0,0,0
1783745077,3,1,1076,1328,0.0,0.0,0,0,0
1783745077,3,2,1076,1076,0.0,0.0,0,0,0
1783745077,1,1,1076,1328,0.0,0.0,0,0,0
1783745077,1,2,1076,1076,0.0,0.0,0,0,0
1783745082,1,1,1076,1328,0.0,0.0,0,0,0
1783745082,1,2,1076,1076,0.0,0.0,0,0,0
1783745082,3,1,1076,1328,0.0,0.0,0,0,0
1783745082,3,2,1076,1076,0.0,0.0,0,0,0
1783745082,2,1,1076,1328,0.0,0.0,0,0,0
1783745082,2,2,1076,1076,0.0,0.0,0,0,0
1783745082,2,3,1076,1076,0.0,0.0,0,0,0
1783745087,1,1,1076,1328,0.0,0.0,0,0,0
1783745087,1,2,1076,1076,0.0,0.0,0,0,0
1783745087,3,1,1076,1328,0.0,0.0,0,0,0
1783745087,3,2,1076,1076,0.0,0.0,0,0,0
1783745087,2,1,1076,1328,0.0,0.0,0,0,0
1783745087,2,2,1076,1076,0.0,0.0,0,0,0
1783745087,2,3,1076,1076,0.0,0.0,0,0,0
1783745092,1,1,1076,1328,0.0,0.0,0,0,0
1783745092,1,2,1076,1076,0.0,0.0,0,0,0
1783745092,3,1,1076,1328,0.0,0.0,0,0,0
1783745092,3,2,1076,1076,0.0,0.0,0,0,0
1783745092,2,1,1076,1328,0.0,0.0,0,0,0
1783745092,2,2,1076,1076,0.0,0.0,0,0,0
1783745092,2,3,1076,1076,0.0,0.0,0,0,0
1783745097,1,1,1076,1328,0.0,0.0,0,0,0
1783745097,1,2,1076,1076,0.0,0.0,0,0,0
1783745097,2,1,1076,1328,0.0,0.0,0,0,0
1783745097,2,2,1076,1076,0.0,0.0,0,0,0
1783745097,2,3,1076,1076,0.0,0.0,0,0,0
1783745097,3,1,1076,1328,0.0,0.0,0,0,0
1783745097,3,2,1076,1076,0.0,0.0,0,0,0
1783745102,1,1,1076,1328,0.0,0.0,0,0,0
1783745102,1,2,1076,1076,0.0,0.0,0,0,0
1783745102,3,1,1076,1328,0.0,0.0,0,0,0
1783745102,3,2,1076,1076,0.0,0.0,0,0,0
1783745102,2,1,1076,1328,0.0,0.0,0,0,0
1783745102,2,2,1076,1076,0.0,0.0,0,0,0
1783745102,2,3,1076,1076,0.0,0.0,0,0,0
1783745107,1,1,1076,1328,0.0,0.0,0,0,0
1783745107,1,2,1076,1076,0.0,0.0,0,0,0
1783745107,2,1,1076,1328,0.0,0.0,0,0,0
1783745107,2,2,1076,1076,0.0,0.0,0,0,0
1783745107,2,3,1076,1076,0.0,0.0,0,0,0
1783745107,3,1,1076,1328,0.0,0.0,0,0,0
1783745107,3,2,1076,1076,0.0,0.0,0,0,0
1783745112,1,1,1076,1328,0.0,0.0,0,0,0
1783745112,1,2,1076,1076,0.0,0.0,0,0,0
1783745112,2,1,1076,1328,0.0,0.0,0,0,0
1783745112,2,2,1076,1076,0.0,0.0,0,0,0
1783745112,2,3,1076,1076,0.0,0.0,0,0,0
1783745112,3,1,1076,1328,0.0,0.0,0,0,0
1783745112,3,2,1076,1076,0.0,0.0,0,0,0
1783745117,3,1,1076,1328,0.0,0.0,0,0,0
1783745117,3,2,1076,1076,0.0,0.0,0,0,0
1783745117,1,1,1076,1328,0.0,0.0,0,0,0
1783745117,1,2,1076,1076,0.0,0.0,0,0,0
1783745117,2,1,1076,1328,0.0,0.0,0,0,0
1783745117,2,2,1076,1076,0.0,0.0,0,0,0
1783745117,2,3,1076,1076,0.0,0.0,0,0,0
1783745122,1,1,1076,1328,0.0,0.0,0,0,0
1783745122,1,2,1076,1076,0.0,0.0,0,0,0
1783745122,3,1,1076,1328,0.0,0.0,0,0,0
1783745122,3,2,1076,1076,0.0,0.0,0,0,0
1783745122,2,1,1076,1328,0.0,0.0,0,0,0
1783745122,2,2,1076,1076,0.0,0.0,0,0,0
1783745122,2,3,1076,1076,0.0,0.0,0,0,0
1783745127,1,1,1076,1328,0.0,0.0,0,0,0
1783745127,1,2,1076,1076,0.0,0.0,0,0,0
1783745127,2,1,1076,1328,0.0,0.0,0,0,0
1783745127,2,2,1076,1076,0.0,0.0,0,0,0
1783745127,2,3,1076,1076,0.0,0.0,0,0,0
1783745127,3,1,1076,1328,0.0,0.0,0,0,0
1783745127,3,2,1076,1076,0.0,0.0,0,0,0
1783745132,1,1,1076,1328,0.0,0.0,0,0,0
1783745132,1,2,1076,1076,0.0,0.0,0,0,0
1783745132,2,1,1076,1328,0.0,0.0,0,0,0
1783745132,2,2,1076,1076,0.0,0.0,0,0,0
1783745132,2,3,1076,1076,0.0,0.0,0,0,0
1783745132,3,1,1076,1328,0.0,0.0,0,0,0
1783745132,3,2,1076,1076,0.0,0.0,0,0,0
1783745137,3,1,1076,1328,0.0,0.0,0,0,0
1783745137,3,2,1076,1076,0.0,0.0,0,0,0
1783745137,1,1,1076,1328,0.0,0.0,0,0,0
1783745137,1,2,1076,1076,0.0,0.0,0,0,0
1783745137,2,1,1076,1328,0.0,0.0,0,0,0
1783745137,2,2,1076,1076,0.0,0.0,0,0,0
1783745137,2,3,1076,1076,0.0,0.0,0,0,0
1783745142,3,1,1076,1328,0.0,0.0,0,0,0
1783745142,3,2,1076,1076,0.0,0.0,0,0,0
1783745142,1,1,1076,1328,0.0,0.0,0,0,0
1783745142,1,2,1076,1076,0.0,0.0,0,0,0
1783745142,2,1,1076,1328,0.0,0.0,0,0,0
1783745142,2,2,1076,1076,0.0,0.0,0,0,0
1783745142,2,3,1076,1076,0.0,0.0,0,0,0
1783745147,1,1,1076,1328,0.0,0.0,0,0,0
1783745147,1,2,1076,1076,0.0,0.0,0,0,0
1783745147,3,1,1076,1328,0.0,0.0,0,0,0
1783745147,3,2,1076,1076,0.0,0.0,0,0,0
1783745147,2,1,1076,1328,0.0,0.0,0,0,0
1783745147,2,2,1076,1076,0.0,0.0,0,0,0
1783745147,2,3,1076,1076,0.0,0.0,0,0,0
1783745152,1,1,1076,1328,0.0,0.0,0,0,0
1783745152,1,2,1076,1076,0.0,0.0,0,0,0
1783745152,3,1,1076,1328,0.0,0.0,0,0,0
1783745152,3,2,1076,1076,0.0,0.0,0,0,0
1783745152,2,1,1076,1328,0.0,0.0,0,0,0
1783745152,2,2,1076,1076,0.0,0.0,0,0,0
1783745152,2,3,1076,1076,0.0,0.0,0,0,0
1783745157,1,1,1076,1328,0.0,0.0,0,0,0
1783745157,1,2,1076,1076,0.0,0.0,0,0,0
1783745157,3,1,1076,1328,0.0,0.0,0,0,0
1783745157,3,2,1076,1076,0.0,0.0,0,0,0
1783745157,2,1,1076,1328,0.0,0.0,0,0,0
1783745157,2,2,1076,1076,0.0,0.0,0,0,0
1783745157,2,3,1076,1076,0.0,0.0,0,0,0
1783745162,3,1,1076,1328,0.0,0.0,0,0,0
1783745162,3,2,1076,1076,0.0,0.0,0,0,0
1783745162,1,1,1076,1328,0.0,0.0,0,0,0
1783745162,1,2,1076,1076,0.0,0.0,0,0,0
1783745162,2,1,1076,1328,0.0,0.0,0,0,0
1783745162,2,2,1076,1076,0.0,0.0,0,0,0
1783745162,2,3,1076,1076,0.0,0.0,0,0,0
1783745167,1,1,1076,1328,0.0,0.0,0,0,0
1783745167,1,2,1076,1076,0.0,0.0,0,0,0
1783745167,2,1,1076,1328,0.0,0.0,0,0,0
1783745167,2,2,1076,1076,0.0,0.0,0,0,0
1783745167,2,3,1076,1076,0.0,0.0,0,0,0
1783745167,3,1,1076,1328,0.0,0.0,0,0,0
1783745167,3,2,1076,1076,0.0,0.0,0,0,0
1783745172,2,1,1076,1328,0.0,0.0,0,0,0
1783745172,2,2,1076,1076,0.0,0.0,0,0,0
1783745172,2,3,1076,1076,0.0,0.0,0,0,0
1783745172,1,1,1076,1328,0.0,0.0,0,0,0
1783745172,1,2,1076,1076,0.0,0.0,0,0,0
1783745172,3,1,1076,1328,0.0,0.0,0,0,0
1783745172,3,2,1076,1076,0.0,0.0,0,0,0
1783745177,1,1,1076,1328,0.0,0.0,0,0,0
1783745177,1,2,1076,1076,0.0,0.0,0,0,0
1783745177,2,1,1076,1328,0.0,0.0,0,0,0
1783745177,2,2,1076,1076,0.0,0.0,0,0,0
1783745177,2,3,1076,1076,0.0,0.0,0,0,0
1783745177,3,1,1076,1328,0.0,0.0,0,0,0
1783745177,3,2,1076,1076,0.0,0.0,0,0,0
1783745182,1,1,1076,1328,0.0,0.0,0,0,0
1783745182,1,2,1076,1076,0.0,0.0,0,0,0
1783745182,3,1,1076,1328,0.0,0.0,0,0,0
1783745182,3,2,1076,1076,0.0,0.0,0,0,0
1783745182,2,1,1076,1328,0.0,0.0,0,0,0
1783745182,2,2,1076,1076,0.0,0.0,0,0,0
1783745182,2,3,1076,1076,0.0,0.0,0,0,0
1783745187,1,1,1076,1328,0.0,0.0,0,0,0
1783745187,1,2,1076,1076,0.0,0.0,0,0,0
1783745187,3,1,1076,1328,0.0,0.0,0,0,0
1783745187,3,2,1076,1076,0.0,0.0,0,0,0
1783745187,2,1,1076,1328,0.0,0.0,0,0,0
1783745187,2,2,1076,1076,0.0,0.0,0,0,0
1783745187,2,3,1076,1076,0.0,0.0,0,0,0
1783745192,1,1,1076,1328,0.0,0.0,0,0,0
1783745192,1,2,1076,1076,0.0,0.0,0,0,0
1783745192,3,1,1076,1328,0.0,0.0,0,0,0
1783745192,3,2,1076,1076,0.0,0.0,0,0,0
1783745192,2,1,1076,1328,0.0,0.0,0,0,0
1783745192,2,2,1076,1076,0.0,0.0,0,0,0
1783745192,2,3,1076,1076,0.0,0.0,0,0,0
1783745197,1,1,1076,1328,0.0,0.0,0,0,0
1783745197,1,2,1076,1076,0.0,0.0,0,0,0
1783745197,3,1,1076,1328,0.0,0.0,0,0,0
1783745197,3,2,1076,1076,0.0,0.0,0,0,0
1783745197,2,1,1076,1328,0.0,0.0,0,0,0
1783745197,2,2,1076,1076,0.0,0.0,0,0,0
1783745197,2,3,1076,1076,0.0,0.0,0,0,0
1783745202,3,1,1076,1328,0.0,0.0,0,0,0
1783745202,3,2,1076,1076,0.0,0.0,0,0,0
1783745202,1,1,1076,1328,0.0,0.0,0,0,0
1783745202,1,2,1076,1076,0.0,0.0,0,0,0
1783745202,2,1,1076,1328,0.0,0.0,0,0,0
1783745202,2,2,1076,1076,0.0,0.0,0,0,0
1783745202,2,3,1076,1076,0.0,0.0,0,0,0
1783745207,2,1,1076,1328,0.0,0.0,0,0,0
1783745207,2,2,1076,1076,0.0,0.0,0,0,0
1783745207,2,3,1076,1076,0.0,0.0,0,0,0
1783745207,1,1,1076,1328,0.0,0.0,0,0,0
1783745207,1,2,1076,1076,0.0,0.0,0,0,0
1783745207,3,1,1076,1328,0.0,0.0,0,0,0
1783745207,3,2,1076,1076,0.0,0.0,0,0,0
1783745212,3,1,1076,1328,0.0,0.0,0,0,0
1783745212,3,2,1076,1076,0.0,0.0,0,0,0
1783745212,1,1,1076,1328,0.0,0.0,0,0,0
1783745212,1,2,1076,1076,0.0,0.0,0,0,0
1783745212,2,1,1076,1328,0.0,0.0,0,0,0
1783745212,2,2,1076,1076,0.0,0.0,0,0,0
1783745212,2,3,1076,1076,0.0,0.0,0,0,0
1783745217,1,1,1076,1328,0.0,0.0,0,0,0
1783745217,1,2,1076,1076,0.0,0.0,0,0,0
1783745217,3,1,1076,1328,0.0,0.0,0,0,0
1783745217,3,2,1076,1076,0.0,0.0,0,0,0
1783745217,2,1,1076,1328,0.0,0.0,0,0,0
1783745217,2,2,1076,1076,0.0,0.0,0,0,0
1783745217,2,3,1076,1076,0.0,0.0,0,0,0
1783745222,1,1,1076,1328,0.0,0.0,0,0,0
1783745222,1,2,1076,1076,0.0,0.0,0,0,0
1783745222,3,1,1076,1328,0.0,0.0,0,0,0
1783745222,3,2,1076,1076,0.0,0.0,0,0,0
1783745222,2,1,1076,1328,0.0,0.0,0,0,0
1783745222,2,2,1076,1076,0.0,0.0,0,0,0
1783745222,2,3,1076,1076,0.0,0.0,0,0,0
1783745227,3,1,1076,1328,0.0,0.0,0,0,0
1783745227,3,2,1076,1076,0.0,0.0,0,0,0
1783745227,1,1,1076,1328,0.0,0.0,0,0,0
1783745227,1,2,1076,1076,0.0,0.0,0,0,0
1783745227,2,1,1076,1328,0.0,0.0,0,0,0
1783745227,2,2,1076,1076,0.0,0.0,0,0,0
1783745227,2,3,1076,1076,0.0,0.0,0,0,0
1783745232,1,1,1076,1328,0.0,0.0,0,0,0
1783745232,1,2,1076,1076,0.0,0.0,0,0,0
1783745232,3,1,1076,1328,0.0,0.0,0,0,0
1783745232,3,2,1076,1076,0.0,0.0,0,0,0
1783745232,2,1,1076,1328,0.0,0.0,0,0,0
1783745232,2,2,1076,1076,0.0,0.0,0,0,0
1783745232,2,3,1076,1076,0.0,0.0,0,0,0
1783745237,3,1,1076,1328,0.0,0.0,0,0,0
1783745237,3,2,1076,1076,0.0,0.0,0,0,0
1783745237,2,1,1076,1328,0.0,0.0,0,0,0
1783745237,2,2,1076,1076,0.0,0.0,0,0,0
1783745237,2,3,1076,1076,0.0,0.0,0,0,0
1783745237,1,1,1076,1328,0.0,0.0,0,0,0
1783745237,1,2,1076,1076,0.0,0.0,0,0,0
1783745242,3,1,1076,1328,0.0,0.0,0,0,0
1783745242,3,2,1076,1076,0.0,0.0,0,0,0
1783745242,1,1,1076,1328,0.0,0.0,0,0,0
1783745242,1,2,1076,1076,0.0,0.0,0,0,0
1783745242,2,1,1076,1328,0.0,0.0,0,0,0
1783745242,2,2,1076,1076,0.0,0.0,0,0,0
1783745242,2,3,1076,1076,0.0,0.0,0,0,0
1783745247,1,1,1076,1328,0.0,0.0,0,0,0
1783745247,1,2,1076,1076,0.0,0.0,0,0,0
1783745247,2,1,1076,1328,0.0,0.0,0,0,0
1783745247,2,2,1076,1076,0.0,0.0,0,0,0
1783745247,2,3,1076,1076,0.0,0.0,0,0,0
1783745247,3,1,1076,1328,0.0,0.0,0,0,0
1783745247,3,2,1076,1076,0.0,0.0,0,0,0
1783745252,1,1,1076,1328,0.0,0.0,0,0,0
1783745252,1,2,1076,1076,0.0,0.0,0,0,0
1783745252,2,1,1076,1328,0.0,0.0,0,0,0
1783745252,2,2,1076,1076,0.0,0.0,0,0,0
1783745252,2,3,1076,1076,0.0,0.0,0,0,0
1783745252,3,1,1076,1328,0.0,0.0,0,0,0
1783745252,3,2,1076,1076,0.0,0.0,0,0,0
1783745257,3,1,1076,1328,0.0,0.0,0,0,0
1783745257,3,2,1076,1076,0.0,0.0,0,0,0
1783745257,1,1,1076,1328,0.0,0.0,0,0,0
1783745257,1,2,1076,1076,0.0,0.0,0,0,0
1783745257,2,1,1076,1328,0.0,0.0,0,0,0
1783745257,2,2,1076,1076,0.0,0.0,0,0,0
1783745257,2,3,1076,1076,0.0,0.0,0,0,0
1783745262,1,1,1076,1328,0.0,0.0,0,0,0
1783745262,1,2,1076,1076,0.0,0.0,0,0,0
1783745262,3,1,1076,1328,0.0,0.0,0,0,0
1783745262,3,2,1076,1076,0.0,0.0,0,0,0
1783745262,2,1,1076,1328,0.0,0.0,0,0,0
1783745262,2,2,1076,1076,0.0,0.0,0,0,0
1783745262,2,3,1076,1076,0.0,0.0,0,0,0
1783745267,2,1,1076,1328,0.0,0.0,0,0,0
1783745267,2,2,1076,1076,0.0,0.0,0,0,0
1783745267,2,3,1076,1076,0.0,0.0,0,0,0
1783745267,3,1,1076,1328,0.0,0.0,0,0,0
1783745267,3,2,1076,1076,0.0,0.0,0,0,0
1783745267,1,1,1076,1328,0.0,0.0,0,0,0
1783745267,1,2,1076,1076,0.0,0.0,0,0,0
1783745272,3,1,1076,1328,0.0,0.0,0,0,0
1783745272,3,2,1076,1076,0.0,0.0,0,0,0
1783745272,2,1,1076,1328,0.0,0.0,0,0,0
1783745272,2,2,1076,1076,0.0,0.0,0,0,0
1783745272,2,3,1076,1076,0.0,0.0,0,0,0
1783745272,1,1,1076,1328,0.0,0.0,0,0,0
1783745272,1,2,1076,1076,0.0,0.0,0,0,0
1783745277,3,1,1076,1328,0.0,0.0,0,0,0
1783745277,3,2,1076,1076,0.0,0.0,0,0,0
1783745277,1,1,1076,1328,0.0,0.0,0,0,0
1783745277,1,2,1076,1076,0.0,0.0,0,0,0
1783745277,2,1,1076,1328,0.0,0.0,0,0,0
1783745277,2,2,1076,1076,0.0,0.0,0,0,0
1783745277,2,3,1076,1076,0.0,0.0,0,0,0
1783745282,3,1,1076,1328,0.0,0.0,0,0,0
1783745282,3,2,1076,1076,0.0,0.0,0,0,0
1783745282,1,1,1076,1328,0.0,0.0,0,0,0
1783745282,1,2,1076,1076,0.0,0.0,0,0,0
1783745282,2,1,1076,1328,0.0,0.0,0,0,0
1783745282,2,2,1076,1076,0.0,0.0,0,0,0
1783745282,2,3,1076,1076,0.0,0.0,0,0,0
1783745287,2,1,1076,1328,0.0,0.0,0,0,0
1783745287,2,2,1076,1076,0.0,0.0,0,0,0
1783745287,2,3,1076,1076,0.0,0.0,0,0,0
1783745287,3,1,1076,1328,0.0,0.0,0,0,0
1783745287,3,2,1076,1076,0.0,0.0,0,0,0
1783745287,1,1,1076,1328,0.0,0.0,0,0,0
1783745287,1,2,1076,1076,0.0,0.0,0,0,0
1783745292,1,1,1076,1328,0.0,0.0,0,0,0
1783745292,1,2,1076,1076,0.0,0.0,0,0,0
1783745292,3,1,1076,1328,0.0,0.0,0,0,0
1783745292,3,2,1076,1076,0.0,0.0,0,0,0
1783745292,2,1,1076,1328,0.0,0.0,0,0,0
1783745292,2,2,1076,1076,0.0,0.0,0,0,0
1783745292,2,3,1076,1076,0.0,0.0,0,0,0
1783745297,1,1,1076,1328,0.0,0.0,0,0,0
1783745297,1,2,1076,1076,0.0,0.0,0,0,0
1783745297,3,1,1076,1328,0.0,0.0,0,0,0
1783745297,3,2,1076,1076,0.0,0.0,0,0,0
1783745297,2,1,1076,1328,0.0,0.0,0,0,0
1783745297,2,2,1076,1076,0.0,0.0,0,0,0
1783745297,2,3,1076,1076,0.0,0.0,0,0,0
1783745302,3,1,1076,1328,0.0,0.0,0,0,0
1783745302,3,2,1076,1076,0.0,0.0,0,0,0
1783745302,1,1,1146,1328,0.11,0.0,0,0,0
1783745302,1,2,1076,1076,0.0,0.0,0,0,0
1783745302,2,1,1076,1328,0.0,0.0,0,0,0
1783745302,2,2,1076,1076,0.0,0.0,0,0,0
1783745302,2,3,1076,1076,0.0,0.0,0,0,0
1783745307,1,1,1146,1328,0.0,0.0,0,0,0
1783745307,1,2,1076,1076,0.0,0.0,0,0,0
1783745307,2,1,1076,1328,0.0,0.0,0,0,0
1783745307,2,2,1076,1076,0.0,0.0,0,0,0
1783745307,2,3,1076,1076,0.0,0.0,0,0,0
1783745307,3,1,1076,1328,0.0,0.0,0,0,0
1783745307,3,2,1076,1076,0.0,0.0,0,0,0
1783745312,1,1,1146,1328,0.0,0.0,0,0,0
1783745312,1,2,1076,1076,0.0,0.0,0,0,0
1783745312,3,1,1076,1328,0.0,0.0,0,0,0
1783745312,3,2,1076,1076,0.0,0.0,0,0,0
1783745312,2,1,1076,1328,0.0,0.0,0,0,0
1783745312,2,2,1076,1076,0.0,0.0,0,0,0
1783745312,2,3,1076,1076,0.0,0.0,0,0,0
1783745317,1,1,1146,1328,0.0,0.0,0,0,0
1783745317,1,2,1076,1076,0.0,0.0,0,0,0
1783745317,3,1,1076,1328,0.0,0.0,0,0,0
1783745317,3,2,1076,1076,0.0,0.0,0,0,0
1783745317,2,1,1076,1328,0.0,0.0,0,0,0
1783745317,2,2,1076,1076,0.0,0.0,0,0,0
1783745317,2,3,1076,1076,0.0,0.0,0,0,0
1783745322,2,1,1076,1328,0.0,0.0,0,0,0
1783745322,2,2,1076,1076,0.0,0.0,0,0,0
1783745322,2,3,1076,1076,0.0,0.0,0,0,0
1783745322,3,1,1076,1328,0.0,0.0,0,0,0
1783745322,3,2,1076,1076,0.0,0.0,0,0,0
1783745322,1,1,1146,1328,0.0,0.0,0,0,0
1783745322,1,2,1076,1076,0.0,0.0,0,0,0
1783745327,2,1,1076,1328,0.0,0.0,0,0,0
1783745327,2,2,1076,1076,0.0,0.0,0,0,0
1783745327,2,3,1076,1076,0.0,0.0,0,0,0
1783745327,3,1,1076,1328,0.0,0.0,0,0,0
1783745327,3,2,1076,1076,0.0,0.0,0,0,0
1783745327,1,1,1146,1328,0.0,0.0,0,0,0
1783745327,1,2,1076,1076,0.0,0.0,0,0,0
1783745332,2,1,1076,1328,0.0,0.0,0,0,0
1783745332,2,2,1076,1076,0.0,0.0,0,0,0
1783745332,2,3,1076,1076,0.0,0.0,0,0,0
1783745332,1,1,1146,1328,0.0,0.0,0,0,0
1783745332,1,2,1076,1076,0.0,0.0,0,0,0
1783745332,3,1,1076,1328,0.0,0.0,0,0,0
1783745332,3,2,1076,1076,0.0,0.0,0,0,0
1783745337,1,1,1146,1328,0.0,0.0,0,0,0
1783745337,1,2,1076,1076,0.0,0.0,0,0,0
1783745337,2,1,1076,1328,0.0,0.0,0,0,0
1783745337,2,2,1076,1076,0.0,0.0,0,0,0
1783745337,2,3,1076,1076,0.0,0.0,0,0,0
1783745337,3,1,1076,1328,0.0,0.0,0,0,0
1783745337,3,2,1076,1076,0.0,0.0,0,0,0
1783745342,1,1,1146,1328,0.0,0.0,0,0,0
1783745342,1,2,1076,1076,0.0,0.0,0,0,0
1783745342,3,1,1076,1328,0.0,0.0,0,0,0
1783745342,3,2,1076,1076,0.0,0.0,0,0,0
1783745342,2,1,1076,1328,0.0,0.0,0,0,0
1783745342,2,2,1076,1076,0.0,0.0,0,0,0
1783745342,2,3,1076,1076,0.0,0.0,0,0,0
1783745347,3,1,1076,1328,0.0,0.0,0,0,0
1783745347,3,2,1076,1076,0.0,0.0,0,0,0
1783745347,1,1,1146,1328,0.0,0.0,0,0,0
1783745347,1,2,1076,1076,0.0,0.0,0,0,0
1783745347,2,1,1076,1328,0.0,0.0,0,0,0
1783745347,2,2,1076,1076,0.0,0.0,0,0,0
1783745347,2,3,1076,1076,0.0,0.0,0,0,0
1783745352,2,1,1076,1328,0.0,0.0,0,0,0
1783745352,2,2,1076,1076,0.0,0.0,0,0,0
1783745352,2,3,1076,1076,0.0,0.0,0,0,0
1783745352,1,1,1146,1328,0.0,0.0,0,0,0
1783745352,1,2,1076,1076,0.0,0.0,0,0,0
1783745352,3,1,1076,1328,0.0,0.0,0,0,0
1783745352,3,2,1076,1076,0.0,0.0,0,0,0
1783745357,2,1,1076,1328,0.0,0.0,0,0,0
1783745357,2,2,1076,1076,0.0,0.0,0,0,0
1783745357,2,3,1076,1076,0.0,0.0,0,0,0
1783745357,3,1,1076,1328,0.0,0.0,0,0,0
1783745357,3,2,1076,1076,0.0,0.0,0,0,0
1783745357,1,1,1146,1328,0.0,0.0,0,0,0
1783745357,1,2,1076,1076,0.0,0.0,0,0,0
1783745362,2,1,1076,1328,0.0,0.0,0,0,0
1783745362,2,2,1076,1076,0.0,0.0,0,0,0
1783745362,2,3,1076,1076,0.0,0.0,0,0,0
1783745362,1,1,1146,1328,0.0,0.0,0,0,0
1783745362,1,2,1076,1076,0.0,0.0,0,0,0
1783745362,3,1,1076,1328,0.0,0.0,0,0,0
1783745362,3,2,1076,1076,0.0,0.0,0,0,0
1783745367,1,1,1146,1328,0.0,0.0,0,0,0
1783745367,1,2,1076,1076,0.0,0.0,0,0,0
1783745367,2,1,1076,1328,0.0,0.0,0,0,0
1783745367,2,2,1076,1076,0.0,0.0,0,0,0
1783745367,2,3,1076,1076,0.0,0.0,0,0,0
1783745367,3,1,1076,1328,0.0,0.0,0,0,0
1783745367,3,2,1076,1076,0.0,0.0,0,0,0
1783745372,1,1,1146,1328,0.0,0.0,0,0,0
1783745372,1,2,1076,1076,0.0,0.0,0,0,0
1783745372,3,1,1076,1328,0.0,0.0,0,0,0
1783745372,3,2,1076,1076,0.0,0.0,0,0,0
1783745372,2,1,1076,1328,0.0,0.0,0,0,0
1783745372,2,2,1076,1076,0.0,0.0,0,0,0
1783745372,2,3,1076,1076,0.0,0.0,0,0,0
1783745377,1,1,1146,1328,0.0,0.0,0,0,0
1783745377,1,2,1076,1076,0.0,0.0,0,0,0
1783745377,3,1,1076,1328,0.0,0.0,0,0,0
1783745377,3,2,1076,1076,0.0,0.0,0,0,0
1783745377,2,1,1076,1328,0.0,0.0,0,0,0
1783745377,2,2,1076,1076,0.0,0.0,0,0,0
1783745377,2,3,1076,1076,0.0,0.0,0,0,0
1783745382,1,1,1146,1328,0.0,0.0,0,0,0
1783745382,1,2,1076,1076,0.0,0.0,0,0,0
1783745382,3,1,1076,1328,0.0,0.0,0,0,0
1783745382,3,2,1076,1076,0.0,0.0,0,0,0
1783745382,2,1,1076,1328,0.0,0.0,0,0,0
1783745382,2,2,1076,1076,0.0,0.0,0,0,0
1783745382,2,3,1076,1076,0.0,0.0,0,0,0
1783745387,2,1,1076,1328,0.0,0.0,0,0,0
1783745387,2,2,1076,1076,0.0,0.0,0,0,0
1783745387,2,3,1076,1076,0.0,0.0,0,0,0
1783745387,1,1,1146,1328,0.0,0.0,0,0,0
1783745387,1,2,1076,1076,0.0,0.0,0,0,0
1783745387,3,1,1076,1328,0.0,0.0,0,0,0
1783745387,3,2,1076,1076,0.0,0.0,0,0,0
1783745392,3,1,1076,1328,0.0,0.0,0,0,0
1783745392,3,2,1076,1076,0.0,0.0,0,0,0
1783745392,2,1,1076,1328,0.0,0.0,0,0,0
1783745392,2,2,1076,1076,0.0,0.0,0,0,0
1783745392,2,3,1076,1076,0.0,0.0,0,0,0
1783745392,1,1,1146,1328,0.0,0.0,0,0,0
1783745392,1,2,1076,1076,0.0,0.0,0,0,0
1783745397,1,1,1146,1328,0.0,0.0,0,0,0
1783745397,1,2,1076,1076,0.0,0.0,0,0,0
1783745397,2,1,1076,1328,0.0,0.0,0,0,0
1783745397,2,2,1076,1076,0.0,0.0,0,0,0
1783745397,2,3,1076,1076,0.0,0.0,0,0,0
1783745397,3,1,1076,1328,0.0,0.0,0,0,0
1783745397,3,2,1076,1076,0.0,0.0,0,0,0
1783745402,1,1,1146,1328,0.0,0.0,0,0,0
1783745402,1,2,1076,1076,0.0,0.0,0,0,0
1783745402,3,1,1076,1328,0.0,0.0,0,0,0
1783745402,3,2,1076,1076,0.0,0.0,0,0,0
1783745402,2,1,1076,1328,0.0,0.0,0,0,0
1783745402,2,2,1076,1076,0.0,0.0,0,0,0
1783745402,2,3,1076,1076,0.0,0.0,0,0,0
1783745407,1,1,1146,1328,0.0,0.0,0,0,0
1783745407,1,2,1076,1076,0.0,0.0,0,0,0
1783745407,2,1,1076,1328,0.0,0.0,0,0,0
1783745407,2,2,1076,1076,0.0,0.0,0,0,0
1783745407,2,3,1076,1076,0.0,0.0,0,0,0
1783745407,3,1,1076,1328,0.0,0.0,0,0,0
1783745407,3,2,1076,1076,0.0,0.0,0,0,0
1783745412,1,1,1146,1328,0.0,0.0,0,0,0
1783745412,1,2,1076,1076,0.0,0.0,0,0,0
1783745412,3,1,1076,1328,0.0,0.0,0,0,0
1783745412,3,2,1076,1076,0.0,0.0,0,0,0
1783745412,2,1,1076,1328,0.0,0.0,0,0,0
1783745412,2,2,1076,1076,0.0,0.0,0,0,0
1783745412,2,3,1076,1076,0.0,0.0,0,0,0
1783745417,2,1,1076,1328,0.0,0.0,0,0,0
1783745417,2,2,1076,1076,0.0,0.0,0,0,0
1783745417,2,3,1076,1076,0.0,0.0,0,0,0
1783745417,3,1,1076,1328,0.0,0.0,0,0,0
1783745417,3,2,1076,1076,0.0,0.0,0,0,0
1783745417,1,1,1146,1328,0.0,0.0,0,0,0
1783745417,1,2,1076,1076,0.0,0.0,0,0,0
1783745422,3,1,1076,1328,0.0,0.0,0,0,0
1783745422,3,2,1076,1076,0.0,0.0,0,0,0
1783745422,1,1,1146,1328,0.0,0.0,0,0,0
1783745422,1,2,1076,1076,0.0,0.0,0,0,0
1783745422,2,1,1076,1328,0.0,0.0,0,0,0
1783745422,2,2,1076,1076,0.0,0.0,0,0,0
1783745422,2,3,1076,1076,0.0,0.0,0,0,0
1783745427,2,1,1076,1328,0.0,0.0,0,0,0
1783745427,2,2,1076,1076,0.0,0.0,0,0,0
1783745427,2,3,1076,1076,0.0,0.0,0,0,0
1783745427,1,1,1146,1328,0.0,0.0,0,0,0
1783745427,1,2,1076,1076,0.0,0.0,0,0,0
1783745427,3,1,1076,1328,0.0,0.0,0,0,0
1783745427,3,2,1076,1076,0.0,0.0,0,0,0
1783745432,1,1,1146,1328,0.0,0.0,0,0,0
1783745432,1,2,1076,1076,0.0,0.0,0,0,0
1783745432,3,1,1076,1328,0.0,0.0,0,0,0
1783745432,3,2,1076,1076,0.0,0.0,0,0,0
1783745432,2,1,1076,1328,0.0,0.0,0,0,0
1783745432,2,2,1076,1076,0.0,0.0,0,0,0
1783745432,2,3,1076,1076,0.0,0.0,0,0,0
1783745437,3,1,1076,1328,0.0,0.0,0,0,0
1783745437,3,2,1076,1076,0.0,0.0,0,0,0
1783745437,1,1,1146,1328,0.0,0.0,0,0,0
1783745437,1,2,1076,1076,0.0,0.0,0,0,0
1783745437,2,1,1076,1328,0.0,0.0,0,0,0
1783745437,2,2,1076,1076,0.0,0.0,0,0,0
1783745437,2,3,1076,1076,0.0,0.0,0,0,0
1783745443,1,1,1146,1328,0.0,0.0,0,0,0
1783745443,1,2,1076,1076,0.0,0.0,0,0,0
1783745443,3,1,1076,1328,0.0,0.0,0,0,0
1783745443,3,2,1076,1076,0.0,0.0,0,0,0
1783745443,2,1,1076,1328,0.0,0.0,0,0,0
1783745443,2,2,1076,1076,0.0,0.0,0,0,0
1783745443,2,3,1076,1076,0.0,0.0,0,0,0
1783745448,1,1,1146,1328,0.0,0.0,0,0,0
1783745448,1,2,1076,1076,0.0,0.0,0,0,0
1783745448,3,1,1076,1328,0.0,0.0,0,0,0
1783745448,3,2,1076,1076,0.0,0.0,0,0,0
1783745448,2,1,1076,1328,0.0,0.0,0,0,0
1783745448,2,2,1076,1076,0.0,0.0,0,0,0
1783745448,2,3,1076,1076,0.0,0.0,0,0,0
1783745453,1,1,1146,1328,0.0,0.0,0,0,0
1783745453,1,2,1076,1076,0.0,0.0,0,0,0
1783745453,3,1,1146,1398,0.11,0.11,0,0,0
1783745453,3,2,1076,1076,0.0,0.0,0,0,0
1783745453,2,1,1076,1328,0.0,0.0,0,0,0
1783745453,2,2,1076,1076,0.0,0.0,0,0,0
1783745453,2,3,1076,1076,0.0,0.0,0,0,0
1783745458,1,1,1146,1328,0.0,0.0,0,0,0
1783745458,1,2,1076,1076,0.0,0.0,0,0,0
1783745458,3,1,1146,1398,0.0,0.0,0,0,0
1783745458,3,2,1076,1076,0.0,0.0,0,0,0
1783745458,2,1,1076,1328,0.0,0.0,0,0,0
1783745458,2,2,1076,1076,0.0,0.0,0,0,0
1783745458,2,3,1076,1076,0.0,0.0,0,0,0
1783745463,1,1,1146,1328,0.0,0.0,0,0,0
1783745463,1,2,1076,1076,0.0,0.0,0,0,0
1783745463,3,1,1146,1398,0.0,0.0,0,0,0
1783745463,3,2,1076,1076,0.0,0.0,0,0,0
1783745463,2,1,1076,1328,0.0,0.0,0,0,0
1783745463,2,2,1076,1076,0.0,0.0,0,0,0
1783745463,2,3,1076,1076,0.0,0.0,0,0,0
1783745468,3,1,1146,1398,0.0,0.0,0,0,0
1783745468,3,2,1076,1076,0.0,0.0,0,0,0
1783745468,1,1,1146,1328,0.0,0.0,0,0,0
1783745468,1,2,1076,1076,0.0,0.0,0,0,0
1783745468,2,1,1076,1328,0.0,0.0,0,0,0
1783745468,2,2,1076,1076,0.0,0.0,0,0,0
1783745468,2,3,1076,1076,0.0,0.0,0,0,0
1783745473,1,1,1146,1328,0.0,0.0,0,0,0
1783745473,1,2,1076,1076,0.0,0.0,0,0,0
1783745473,3,1,1146,1398,0.0,0.0,0,0,0
1783745473,3,2,1076,1076,0.0,0.0,0,0,0
1783745473,2,1,1076,1328,0.0,0.0,0,0,0
1783745473,2,2,1076,1076,0.0,0.0,0,0,0
1783745473,2,3,1076,1076,0.0,0.0,0,0,0
1783745478,1,1,1146,1328,0.0,0.0,0,0,0
1783745478,1,2,1076,1076,0.0,0.0,0,0,0
1783745478,3,1,1146,1398,0.0,0.0,0,0,0
1783745478,3,2,1076,1076,0.0,0.0,0,0,0
1783745478,2,1,1076,1328,0.0,0.0,0,0,0
1783745478,2,2,1076,1076,0.0,0.0,0,0,0
1783745478,2,3,1076,1076,0.0,0.0,0,0,0
1783745483,1,1,1146,1328,0.0,0.0,0,0,0
1783745483,1,2,1076,1076,0.0,0.0,0,0,0
1783745483,3,1,1146,1398,0.0,0.0,0,0,0
1783745483,3,2,1076,1076,0.0,0.0,0,0,0
1783745483,2,1,1076,1328,0.0,0.0,0,0,0
1783745483,2,2,1076,1076,0.0,0.0,0,0,0
1783745483,2,3,1076,1076,0.0,0.0,0,0,0
1783746567,1,1,1146,1328,0.0,0.0,0,0,0
1783746567,1,2,1076,1076,0.0,0.0,0,0,0
1783746567,2,1,1076,1328,0.0,0.0,0,0,0
1783746567,2,2,1076,1076,0.0,0.0,0,0,0
1783746567,2,3,1076,1076,0.0,0.0,0,0,0
1783746567,3,1,1146,1398,0.0,0.0,0,0,0
1783746567,3,2,1076,1076,0.0,0.0,0,0,0
1783746572,1,1,1146,1328,0.0,0.0,0,0,0
1783746572,1,2,1076,1076,0.0,0.0,0,0,0
1783746572,3,1,1146,1398,0.0,0.0,0,0,0
1783746572,3,2,1076,1076,0.0,0.0,0,0,0
1783746572,2,1,1076,1328,0.0,0.0,0,0,0
1783746572,2,2,1076,1076,0.0,0.0,0,0,0
1783746572,2,3,1076,1076,0.0,0.0,0,0,0
1783746577,3,1,1146,1398,0.0,0.0,0,0,0
1783746577,3,2,1076,1076,0.0,0.0,0,0,0
1783746577,1,1,1146,1328,0.0,0.0,0,0,0
1783746577,1,2,1076,1076,0.0,0.0,0,0,0
1783746577,2,1,1076,1328,0.0,0.0,0,0,0
1783746577,2,2,1076,1076,0.0,0.0,0,0,0
1783746577,2,3,1076,1076,0.0,0.0,0,0,0
1783746582,1,1,1146,1328,0.0,0.0,0,0,0
1783746582,1,2,1076,1076,0.0,0.0,0,0,0
1783746582,2,1,1076,1328,0.0,0.0,0,0,0
1783746582,2,2,1076,1076,0.0,0.0,0,0,0
1783746582,2,3,1076,1076,0.0,0.0,0,0,0
1783746582,3,1,1146,1398,0.0,0.0,0,0,0
1783746582,3,2,1076,1076,0.0,0.0,0,0,0
1783746587,3,1,1146,1398,0.0,0.0,0,0,0
1783746587,3,2,1076,1076,0.0,0.0,0,0,0
1783746587,1,1,1146,1328,0.0,0.0,0,0,0
1783746587,1,2,1076,1076,0.0,0.0,0,0,0
1783746587,2,1,1076,1328,0.0,0.0,0,0,0
1783746587,2,2,1076,1076,0.0,0.0,0,0,0
1783746587,2,3,1076,1076,0.0,0.0,0,0,0
1783746592,1,1,1146,1328,0.0,0.0,0,0,0
1783746592,1,2,1076,1076,0.0,0.0,0,0,0
1783746592,3,1,1146,1398,0.0,0.0,0,0,0
1783746592,3,2,1076,1076,0.0,0.0,0,0,0
1783746592,2,1,1076,1328,0.0,0.0,0,0,0
1783746592,2,2,1076,1076,0.0,0.0,0,0,0
1783746592,2,3,1076,1076,0.0,0.0,0,0,0
1783746597,1,1,1146,1328,0.0,0.0,0,0,0
1783746597,1,2,1146,1076,0.11,0.0,0,0,0
1783746597,2,1,1076,1328,0.0,0.0,0,0,0
1783746597,2,2,1076,1146,0.0,0.11,0,0,0
1783746597,2,3,1076,1076,0.0,0.0,0,0,0
1783746597,3,1,1146,1398,0.0,0.0,0,0,0
1783746597,3,2,1076,1076,0.0,0.0,0,0,0
1783746602,3,1,1146,1398,0.0,0.0,0,0,0
1783746602,3,2,1076,1076,0.0,0.0,0,0,0
1783746602,2,1,1076,1328,0.0,0.0,0,0,0
1783746602,2,2,1076,1146,0.0,0.0,0,0,0
1783746602,2,3,1076,1076,0.0,0.0,0,0,0
1783746602,1,1,1146,1328,0.0,0.0,0,0,0
1783746602,1,2,1146,1076,0.0,0.0,0,0,0
1783746607,3,1,1146,1398,0.0,0.0,0,0,0
1783746607,3,2,1076,1076,0.0,0.0,0,0,0
1783746607,1,1,1146,1328,0.0,0.0,0,0,0
1783746607,1,2,1146,1076,0.0,0.0,0,0,0
1783746607,2,1,1076,1328,0.0,0.0,0,0,0
1783746607,2,2,1076,1146,0.0,0.0,0,0,0
1783746607,2,3,1076,1076,0.0,0.0,0,0,0
1783746612,3,1,1146,1398,0.0,0.0,0,0,0
1783746612,3,2,1076,1076,0.0,0.0,0,0,0
1783746612,1,1,1146,1328,0.0,0.0,0,0,0
1783746612,1,2,1146,1076,0.0,0.0,0,0,0
1783746612,2,1,1076,1328,0.0,0.0,0,0,0
1783746612,2,2,1076,1146,0.0,0.0,0,0,0
1783746612,2,3,1076,1076,0.0,0.0,0,0,0
1783746617,2,1,1076,1328,0.0,0.0,0,0,0
1783746617,2,2,1076,1146,0.0,0.0,0,0,0
1783746617,2,3,1076,1076,0.0,0.0,0,0,0
1783746617,3,1,1146,1398,0.0,0.0,0,0,0
1783746617,3,2,1076,1076,0.0,0.0,0,0,0
1783746617,1,1,1146,1328,0.0,0.0,0,0,0
1783746617,1,2,1146,1076,0.0,0.0,0,0,0
1783746622,1,1,1146,1328,0.0,0.0,0,0,0
1783746622,1,2,1146,1076,0.0,0.0,0,0,0
1783746622,3,1,1146,1398,0.0,0.0,0,0,0
1783746622,3,2,1076,1076,0.0,0.0,0,0,0
1783746622,2,1,1076,1328,0.0,0.0,0,0,0
1783746622,2,2,1076,1146,0.0,0.0,0,0,0
1783746622,2,3,1076,1076,0.0,0.0,0,0,0
1783746627,1,1,1146,1328,0.0,0.0,0,0,0
1783746627,1,2,1146,1076,0.0,0.0,0,0,0
1783746627,3,1,1146,1398,0.0,0.0,0,0,0
1783746627,3,2,1076,1076,0.0,0.0,0,0,0
1783746627,2,1,1076,1328,0.0,0.0,0,0,0
1783746627,2,2,1076,1146,0.0,0.0,0,0,0
1783746627,2,3,1076,1076,0.0,0.0,0,0,0
1783746632,3,1,1146,1398,0.0,0.0,0,0,0
1783746632,3,2,1076,1076,0.0,0.0,0,0,0
1783746632,1,1,1146,1328,0.0,0.0,0,0,0
1783746632,1,2,1146,1076,0.0,0.0,0,0,0
1783746632,2,1,1076,1328,0.0,0.0,0,0,0
1783746632,2,2,1076,1146,0.0,0.0,0,0,0
1783746632,2,3,1076,1076,0.0,0.0,0,0,0
1783746637,1,1,1146,1328,0.0,0.0,0,0,0
1783746637,1,2,1146,1076,0.0,0.0,0,0,0
1783746637,3,1,1146,1398,0.0,0.0,0,0,0
1783746637,3,2,1076,1076,0.0,0.0,0,0,0
1783746637,2,1,1076,1328,0.0,0.0,0,0,0
1783746637,2,2,1076,1146,0.0,0.0,0,0,0
1783746637,2,3,1076,1076,0.0,0.0,0,0,0
1783746642,1,1,1146,1328,0.0,0.0,0,0,0
1783746642,1,2,1146,1076,0.0,0.0,0,0,0
1783746642,3,1,1146,1398,0.0,0.0,0,0,0
1783746642,3,2,1076,1076,0.0,0.0,0,0,0
1783746642,2,1,1076,1328,0.0,0.0,0,0,0
1783746642,2,2,1076,1146,0.0,0.0,0,0,0
1783746642,2,3,1076,1076,0.0,0.0,0,0,0
1783746647,1,1,1146,1328,0.0,0.0,0,0,0
1783746647,1,2,1146,1076,0.0,0.0,0,0,0
1783746647,2,1,1076,1328,0.0,0.0,0,0,0
1783746647,2,2,1076,1146,0.0,0.0,0,0,0
1783746647,2,3,1146,1076,0.11,0.0,0,0,0
1783746647,3,1,1146,1398,0.0,0.0,0,0,0
1783746647,3,2,1076,1146,0.0,0.11,0,0,0
1783746652,1,1,1146,1328,0.0,0.0,0,0,0
1783746652,1,2,1146,1076,0.0,0.0,0,0,0
1783746652,3,1,1146,1398,0.0,0.0,0,0,0
1783746652,3,2,1076,1146,0.0,0.0,0,0,0
1783746652,2,1,1076,1328,0.0,0.0,0,0,0
1783746652,2,2,1076,1146,0.0,0.0,0,0,0
1783746652,2,3,1146,1076,0.0,0.0,0,0,0
1783746657,3,1,1146,1398,0.0,0.0,0,0,0
1783746657,3,2,1076,1146,0.0,0.0,0,0,0
1783746657,1,1,1146,1328,0.0,0.0,0,0,0
1783746657,1,2,1146,1076,0.0,0.0,0,0,0
1783746657,2,1,1076,1328,0.0,0.0,0,0,0
1783746657,2,2,1076,1146,0.0,0.0,0,0,0
1783746657,2,3,1146,1076,0.0,0.0,0,0,0
1783746662,1,1,1146,1328,0.0,0.0,0,0,0
1783746662,1,2,1146,1076,0.0,0.0,0,0,0
1783746662,3,1,1146,1398,0.0,0.0,0,0,0
1783746662,3,2,1076,1146,0.0,0.0,0,0,0
1783746662,2,1,1076,1328,0.0,0.0,0,0,0
1783746662,2,2,1076,1146,0.0,0.0,0,0,0
1783746662,2,3,1146,1076,0.0,0.0,0,0,0
1783746667,3,1,1146,1398,0.0,0.0,0,0,0
1783746667,3,2,1076,1146,0.0,0.0,0,0,0
1783746667,1,1,1146,1328,0.0,0.0,0,0,0
1783746667,1,2,1146,1076,0.0,0.0,0,0,0
1783746667,2,1,1076,1328,0.0,0.0,0,0,0
1783746667,2,2,1076,1146,0.0,0.0,0,0,0
1783746667,2,3,1146,1076,0.0,0.0,0,0,0
1783746672,3,1,1146,1398,0.0,0.0,0,0,0
1783746672,3,2,1076,1146,0.0,0.0,0,0,0
1783746672,2,1,1076,1328,0.0,0.0,0,0,0
1783746672,2,2,1076,1146,0.0,0.0,0,0,0
1783746672,2,3,1146,1076,0.0,0.0,0,0,0
1783746672,1,1,1146,1328,0.0,0.0,0,0,0
1783746672,1,2,1146,1076,0.0,0.0,0,0,0
1783746677,3,1,1146,1398,0.0,0.0,0,0,0
1783746677,3,2,1076,1146,0.0,0.0,0,0,0
1783746677,1,1,1146,1328,0.0,0.0,0,0,0
1783746677,1,2,1146,1076,0.0,0.0,0,0,0
1783746677,2,1,1076,1328,0.0,0.0,0,0,0
1783746677,2,2,1076,1146,0.0,0.0,0,0,0
1783746677,2,3,1146,1076,0.0,0.0,0,0,0
1783746682,1,1,1146,1328,0.0,0.0,0,0,0
1783746682,1,2,1146,1076,0.0,0.0,0,0,0
1783746682,2,1,1076,1328,0.0,0.0,0,0,0
1783746682,2,2,1076,1146,0.0,0.0,0,0,0
1783746682,2,3,1146,1076,0.0,0.0,0,0,0
1783746682,3,1,1146,1398,0.0,0.0,0,0,0
1783746682,3,2,1076,1146,0.0,0.0,0,0,0
1783746687,1,1,1146,1328,0.0,0.0,0,0,0
1783746687,1,2,1146,1076,0.0,0.0,0,0,0
1783746687,3,1,1146,1398,0.0,0.0,0,0,0
1783746687,3,2,1076,1146,0.0,0.0,0,0,0
1783746687,2,1,1076,1328,0.0,0.0,0,0,0
1783746687,2,2,1076,1146,0.0,0.0,0,0,0
1783746687,2,3,1146,1076,0.0,0.0,0,0,0
1783746692,3,1,1146,1398,0.0,0.0,0,0,0
1783746692,3,2,1076,1146,0.0,0.0,0,0,0
1783746692,1,1,1146,1328,0.0,0.0,0,0,0
1783746692,1,2,1146,1076,0.0,0.0,0,0,0
1783746692,2,1,1076,1328,0.0,0.0,0,0,0
1783746692,2,2,1076,1146,0.0,0.0,0,0,0
1783746692,2,3,1146,1076,0.0,0.0,0,0,0
1783746697,1,1,1146,1328,0.0,0.0,0,0,0
1783746697,1,2,1146,1076,0.0,0.0,0,0,0
1783746697,3,1,1146,1398,0.0,0.0,0,0,0
1783746697,3,2,1076,1146,0.0,0.0,0,0,0
1783746697,2,1,1076,1328,0.0,0.0,0,0,0
1783746697,2,2,1076,1146,0.0,0.0,0,0,0
1783746697,2,3,1146,1076,0.0,0.0,0,0,0
1783746702,1,1,1146,1328,0.0,0.0,0,0,0
1783746702,1,2,1146,1076,0.0,0.0,0,0,0
1783746702,2,1,1076,1328,0.0,0.0,0,0,0
1783746702,2,2,1076,1146,0.0,0.0,0,0,0
1783746702,2,3,1146,1076,0.0,0.0,0,0,0
1783746702,3,1,1146,1398,0.0,0.0,0,0,0
1783746702,3,2,1076,1146,0.0,0.0,0,0,0
1783746707,1,1,1146,1328,0.0,0.0,0,0,0
1783746707,1,2,1146,1076,0.0,0.0,0,0,0
1783746707,3,1,1146,1398,0.0,0.0,0,0,0
1783746707,3,2,1076,1146,0.0,0.0,0,0,0
1783746707,2,1,1076,1328,0.0,0.0,0,0,0
1783746707,2,2,1076,1146,0.0,0.0,0,0,0
1783746707,2,3,1146,1076,0.0,0.0,0,0,0
1783746712,1,1,1146,1328,0.0,0.0,0,0,0
1783746712,1,2,1146,1076,0.0,0.0,0,0,0
1783746712,3,1,1146,1398,0.0,0.0,0,0,0
1783746712,3,2,1076,1146,0.0,0.0,0,0,0
1783746712,2,1,1076,1328,0.0,0.0,0,0,0
1783746712,2,2,1076,1146,0.0,0.0,0,0,0
1783746712,2,3,1146,1076,0.0,0.0,0,0,0
1783746717,1,1,1146,1328,0.0,0.0,0,0,0
1783746717,1,2,1146,1076,0.0,0.0,0,0,0
1783746717,2,1,1076,1328,0.0,0.0,0,0,0
1783746717,2,2,1076,1146,0.0,0.0,0,0,0
1783746717,2,3,1146,1076,0.0,0.0,0,0,0
1783746717,3,1,1146,1398,0.0,0.0,0,0,0
1783746717,3,2,1076,1146,0.0,0.0,0,0,0
1783746722,1,1,1146,1328,0.0,0.0,0,0,0
1783746722,1,2,1146,1076,0.0,0.0,0,0,0
1783746722,2,1,1076,1328,0.0,0.0,0,0,0
1783746722,2,2,1076,1146,0.0,0.0,0,0,0
1783746722,2,3,1146,1076,0.0,0.0,0,0,0
1783746722,3,1,1146,1398,0.0,0.0,0,0,0
1783746722,3,2,1076,1146,0.0,0.0,0,0,0
1783746780,1,2,1146,1146,0.0,0.0,0,0,0
1783746780,3,2,1146,1146,0.0,0.0,0,0,0
1783746780,2,2,1146,1146,0.0,0.0,0,0,0
1783746780,2,3,1146,1146,0.0,0.0,0,0,0
1783746785,1,2,1146,1146,0.0,0.0,0,0,0
1783746785,2,2,1146,1146,0.0,0.0,0,0,0
1783746785,2,3,1146,1146,0.0,0.0,0,0,0
1783746785,3,2,1146,1146,0.0,0.0,0,0,0
1783746790,1,2,1146,1146,0.0,0.0,0,0,0
1783746790,2,2,1146,1146,0.0,0.0,0,0,0
1783746790,2,3,1146,1146,0.0,0.0,0,0,0
1783746790,3,2,1146,1146,0.0,0.0,0,0,0
1783746795,3,2,1146,1146,0.0,0.0,0,0,0
1783746795,1,2,1146,1146,0.0,0.0,0,0,0
1783746795,2,2,1146,1146,0.0,0.0,0,0,0
1783746795,2,3,1146,1146,0.0,0.0,0,0,0
1783746800,2,2,1146,1146,0.0,0.0,0,0,0
1783746800,2,3,1146,1146,0.0,0.0,0,0,0
1783746800,1,2,1146,1146,0.0,0.0,0,0,0
1783746800,3,2,1146,1146,0.0,0.0,0,0,0
1783746805,3,2,1146,1146,0.0,0.0,0,0,0
1783746805,1,2,1146,1146,0.0,0.0,0,0,0
1783746805,2,2,1146,1146,0.0,0.0,0,0,0
1783746805,2,3,1146,1146,0.0,0.0,0,0,0
1783746810,1,2,1146,1146,0.0,0.0,0,0,0
1783746810,3,2,1146,1146,0.0,0.0,0,0,0
1783746810,2,2,1146,1146,0.0,0.0,0,0,0
1783746810,2,3,1146,1146,0.0,0.0,0,0,0
1783746815,2,2,1146,1146,0.0,0.0,0,0,0
1783746815,2,3,1146,1146,0.0,0.0,0,0,0
1783746815,1,2,1146,1146,0.0,0.0,0,0,0
1783746815,3,2,1146,1146,0.0,0.0,0,0,0
1783746820,2,2,1146,1146,0.0,0.0,0,0,0
1783746820,2,3,1146,1146,0.0,0.0,0,0,0
1783746820,3,2,1146,1146,0.0,0.0,0,0,0
1783746820,1,2,1146,1146,0.0,0.0,0,0,0
1783746825,1,2,1146,1146,0.0,0.0,0,0,0
1783746825,2,2,1146,1146,0.0,0.0,0,0,0
1783746825,2,3,1146,1146,0.0,0.0,0,0,0
1783746825,3,2,1146,1146,0.0,0.0,0,0,0
1783746830,2,2,1146,1146,0.0,0.0,0,0,0
1783746830,2,3,1146,1146,0.0,0.0,0,0,0
1783746830,1,2,1146,1146,0.0,0.0,0,0,0
1783746830,3,2,1146,1146,0.0,0.0,0,0,0
1783746835,1,2,1146,1146,0.0,0.0,0,0,0
1783746835,3,2,1146,1146,0.0,0.0,0,0,0
1783746835,2,2,1146,1146,0.0,0.0,0,0,0
1783746835,2,3,1146,1146,0.0,0.0,0,0,0
1783746840,1,2,1146,1146,0.0,0.0,0,0,0
1783746840,3,2,1146,1146,0.0,0.0,0,0,0
1783746840,2,2,1146,1146,0.0,0.0,0,0,0
1783746840,2,3,1146,1146,0.0,0.0,0,0,0
1783746845,2,2,1146,1146,0.0,0.0,0,0,0
1783746845,2,3,1146,1146,0.0,0.0,0,0,0
1783746845,3,2,1146,1146,0.0,0.0,0,0,0
1783746845,1,2,1146,1146,0.0,0.0,0,0,0
1783747668,1,1,2180,1500,0.0,0.0,0,0,0
1783747668,1,2,2200,1480,0.0,0.0,0,0,0
1783747668,1,3,2254,1426,0.0,0.0,0,0,0
1783747673,1,1,2180,1500,0.0,0.0,0,0,0
1783747673,1,2,2200,1480,0.0,0.0,0,0,0
1783747673,1,3,2254,1426,0.0,0.0,0,0,0
1783747678,1,1,2180,1500,0.0,0.0,0,0,0
1783747678,1,2,2200,1480,0.0,0.0,0,0,0
1783747678,1,3,2254,1426,0.0,0.0,0,0,0
1783747683,1,1,2180,1500,0.0,0.0,0,0,0
1783747683,1,2,2200,1480,0.0,0.0,0,0,0
1783747683,1,3,2254,1426,0.0,0.0,0,0,0
1783747688,1,1,2180,1500,0.0,0.0,0,0,0
1783747688,1,2,2200,1480,0.0,0.0,0,0,0
1783747688,1,3,2254,1426,0.0,0.0,0,0,0
1783747693,1,1,2180,1500,0.0,0.0,0,0,0
1783747693,1,2,2200,1480,0.0,0.0,0,0,0
1783747693,1,3,2254,1426,0.0,0.0,0,0,0
1783747698,1,1,4922,3021640,4.39,4832.22,0,0,0
1783747698,1,2,3022340,4222,4832.22,4.39,0,0,0
1783747698,1,3,3025136,1426,4836.61,0.0,0,0,0
1783747703,1,1,8792,9585182,6.19,10501.67,0,0,0
1783747703,1,2,9585882,8092,10501.67,6.19,0,0,1
1783747703,1,3,9592548,1426,10507.86,0.0,0,0,1
1783747708,1,1,12488,16148682,5.91,10501.6,0,0,0
1783747708,1,2,16149382,11788,10501.6,5.91,0,0,1
1783747708,1,3,16159744,1426,10507.51,0.0,0,0,1
1783747713,1,1,16250,22712182,6.02,10501.6,0,0,0
1783747713,1,2,22712882,15550,10501.6,6.02,0,0,1
1783747713,1,3,22727006,1426,10507.62,0.0,0,0,1
1783747718,1,1,19884,29275682,5.81,10501.6,0,0,0
1783747718,1,2,29276382,19114,10501.6,5.7,0,0,1
1783747718,1,3,29294070,1426,10507.3,0.0,0,0,1
1783747723,1,1,23646,35839182,6.02,10501.6,0,0,0
1783747723,1,2,35839882,22876,10501.6,6.02,0,0,1
1783747723,1,3,35861332,1426,10507.62,0.0,0,0,1
1783747728,1,1,25824,39514874,3.48,5881.11,0,0,0
1783747728,1,2,39515574,25054,5881.11,3.48,0,0,0
1783747728,1,3,39539202,1426,5884.59,0.0,0,0,0
1783747733,1,1,25824,39514874,0.0,0.0,0,0,0
1783747733,1,2,39515574,25054,0.0,0.0,0,0,0
1783747733,1,3,39539202,1426,0.0,0.0,0,0,0
1783747738,1,1,25894,39514874,0.11,0.0,0,0,0
1783747738,1,2,39515644,25054,0.11,0.0,0,0,0
1783747738,1,3,39539202,1496,0.0,0.11,0,0,0
1783747743,1,1,25894,39514874,0.0,0.0,0,0,0
1783747743,1,2,39515644,25054,0.0,0.0,0,0,0
1783747743,1,3,39539202,1496,0.0,0.0,0,0,0
1783747748,1,1,25894,39514874,0.0,0.0,0,0,0
1783747748,1,2,39515644,25054,0.0,0.0,0,0,0
1783747748,1,3,39539202,1496,0.0,0.0,0,0,0
1783747753,1,1,29890,43453772,6.39,6302.24,0,0,0
1783747753,1,2,43454542,29050,6302.24,6.39,0,0,0
1783747753,1,3,43482096,1496,6308.63,0.0,0,0,0
1783747758,1,1,33496,50017314,5.77,10501.67,0,0,0
1783747758,1,2,50018154,32656,10501.78,5.77,0,0,1
1783747758,1,3,50049244,1496,10507.44,0.0,0,0,1
1783747763,1,1,36994,56580814,5.6,10501.6,0,0,0
1783747763,1,2,56581654,36154,10501.6,5.6,0,0,1
1783747763,1,3,56616242,1496,10507.2,0.0,0,0,1
1783747768,1,1,40562,63144314,5.71,10501.6,0,0,0
1783747768,1,2,63145154,39722,10501.6,5.71,0,0,1
1783747768,1,3,63183310,1496,10507.31,0.0,0,0,1
1783747773,1,1,44060,69707814,5.6,10501.6,0,0,0
1783747773,1,2,69708654,43220,10501.6,5.6,0,0,1
1783747773,1,3,69750308,1496,10507.2,0.0,0,0,1
1783747778,1,1,47492,76271384,5.49,10501.71,0,0,0
1783747778,1,2,76272224,46652,10501.71,5.49,0,0,1
1783747778,1,3,76317380,1496,10507.32,0.0,0,0,1
1783747783,1,1,49076,79028186,2.53,4410.88,0,0,0
1783747783,1,2,79029026,48236,4410.88,2.53,0,0,0
1783747783,1,3,79075766,1496,4413.42,0.0,0,0,0
1783747788,1,1,55250,87692936,9.88,13863.6,0,0,0
1783747788,1,2,87693776,54410,13863.6,9.88,0,0,1
1783747788,1,3,87746690,1496,13873.48,0.0,0,0,1
1783747793,1,1,62486,100819978,11.58,21003.27,0,0,0
1783747793,1,2,100820818,61646,21003.27,11.58,0,0,1
1783747793,1,3,100880968,1496,21014.84,0.0,0,0,1
1783747798,1,1,70220,113947796,12.37,21004.51,0,0,0
1783747798,1,2,113948636,69380,21004.51,12.37,0,0,1
1783747798,1,3,114016520,1496,21016.88,0.0,0,0,1
1783747803,1,1,77018,127074796,10.88,21003.2,0,0,0
1783747803,1,2,127075636,76178,21003.2,10.88,0,0,1
1783747803,1,3,127150318,1496,21014.08,0.0,0,0,1
1783747808,1,1,83882,140201796,10.98,21003.2,0,0,0
1783747808,1,2,140202636,83042,21003.2,10.98,0,0,1
1783747808,1,3,140284182,1496,21014.18,0.0,0,0,1
1783747813,1,1,90548,153328796,10.67,21003.2,0,0,0
1783747813,1,2,153329636,89708,21003.2,10.67,0,0,1
1783747813,1,3,153417848,1496,21013.87,0.0,0,0,1
1783747818,1,1,97646,163962662,11.36,17014.19,0,0,0
1783747818,1,2,163963502,96806,17014.19,11.36,0,0,1
1783747818,1,3,164058812,1496,17025.54,0.0,0,0,1
1783747823,1,1,115400,196780162,28.41,52508.0,0,0,0
1783747823,1,2,196781002,114560,52508.0,28.41,0,0,1
1783747823,1,3,196894066,1496,52536.41,0.0,0,0,1
1783747828,1,1,132494,229597662,27.35,52508.0,0,0,0
1783747828,1,2,229598502,131654,52508.0,27.35,0,0,1
1783747828,1,3,229728660,1496,52535.35,0.0,0,0,1
1783747833,1,1,149786,262415162,27.67,52508.0,0,0,0
1783747833,1,2,262416002,148946,52508.0,27.67,0,0,1
1783747833,1,3,262563452,1496,52535.67,0.0,0,0,1
1783747838,1,1,166814,295232662,27.24,52508.0,0,0,0
1783747838,1,2,295233502,165974,52508.0,27.24,0,0,1
1783747838,1,3,295397980,1496,52535.24,0.0,0,0,1
1783747843,1,1,183578,328050162,26.82,52508.0,0,0,0
1783747843,1,2,328051002,182738,52508.0,26.82,0,0,1
1783747843,1,3,328232244,1496,52534.82,0.0,0,0,1
1783747848,1,1,197438,354960644,22.18,43056.77,0,0,0
1783747848,1,2,354961484,196598,43056.77,22.18,0,0,1
1783747848,1,3,355156586,1496,43078.95,0.0,0,0,1
1783747853,1,1,12942394,354960686,20391.93,0.07,0,0,1
1783747853,1,2,367695712,207368,20374.76,17.23,0,0,1
1783747853,1,3,355167398,12735682,17.3,20374.7,0,0,0
1783747858,1,1,32644066,354960686,31522.68,0.0,0,0,1
1783747858,1,2,387386254,218498,31504.87,17.81,0,0,1
1783747858,1,3,355178528,32426224,17.81,31504.87,0,0,0
1783747863,1,1,52345456,354960686,31522.22,0.0,0,0,1
1783747863,1,2,407076754,229388,31504.8,17.42,0,0,1
1783747863,1,3,355189418,52116724,17.42,31504.8,0,0,0
1783747868,1,1,72046582,354960686,31521.8,0.0,0,0,1
1783747868,1,2,426767254,240014,31504.8,17.0,0,0,1
1783747868,1,3,355200044,71807224,17.0,31504.8,0,0,0
1783747873,1,1,91747840,354960686,31522.01,0.0,0,0,1
1783747873,1,2,446457754,250772,31504.8,17.21,0,0,1
1783747873,1,3,355210802,91497724,17.21,31504.8,0,0,0
1783747878,1,1,111448900,354960686,31521.7,0.0,0,0,1
1783747878,1,2,466148254,261332,31504.8,16.9,0,0,1
1783747878,1,3,355221362,111188224,16.9,31504.8,0,0,0
1783747883,1,1,118541440,354960686,11348.06,0.0,0,0,1
1783747883,1,2,473236966,265160,11341.94,6.12,0,0,1
1783747883,1,3,355225190,118276936,6.12,11341.94,0,0,0
1783747888,1,1,118541440,354960686,0.0,0.0,0,0,0
1783747888,1,2,473236966,265160,0.0,0.0,0,0,0
1783747888,1,3,355225190,118276936,0.0,0.0,0,0,0
1783747893,1,1,118541440,354960686,0.0,0.0,0,0,0
1783747893,1,2,473236966,265160,0.0,0.0,0,0,0
1783747893,1,3,355225190,118276936,0.0,0.0,0,0,0
1783747898,1,1,118545568,358637110,6.6,5882.28,0,0,0
1783747898,1,2,476917518,265160,5888.88,0.0,0,0,0
1783747898,1,3,358901614,118281064,5882.28,6.6,0,0,0
1783747903,1,1,118553266,371764152,12.32,21003.27,0,0,0
1783747903,1,2,490052258,265160,21015.58,0.0,0,0,1
1783747903,1,3,372028656,118288762,21003.27,12.32,0,0,1
1783747908,1,1,118560328,384891152,11.3,21003.2,0,0,0
1783747908,1,2,503186320,265160,21014.5,0.0,0,0,1
1783747908,1,3,385155656,118295824,21003.2,11.3,0,0,1
1783747913,1,1,118567390,398018152,11.3,21003.2,0,0,0
1783747913,1,2,516320382,265160,21014.5,0.0,0,0,1
1783747913,1,3,398282656,118302886,21003.2,11.3,0,0,1
1783747918,1,1,118574980,411145152,12.14,21003.2,0,0,0
1783747918,1,2,529454972,265160,21015.34,0.0,0,0,1
1783747918,1,3,411409656,118310476,21003.2,12.14,0,0,1
1783747923,1,1,118582508,424272152,12.04,21003.2,0,0,0
1783747923,1,2,542589430,265160,21015.13,0.0,0,0,1
1783747923,1,3,424536656,118317934,21003.2,11.93,0,0,1
1783747928,1,1,118588052,433854994,8.87,15332.55,0,0,0
1783747928,1,2,552177816,265160,15341.42,0.0,0,0,1
1783747928,1,3,434119498,118323478,15332.55,8.87,0,0,1
1783747933,1,1,118588094,433855036,0.07,0.07,0,0,0
1783747933,1,2,552177900,265160,0.13,0.0,0,0,0
1783747933,1,3,434119540,118323520,0.07,0.07,0,0,0
1783747938,1,1,118588094,433855036,0.0,0.0,0,0,0
1783747938,1,2,552177900,265160,0.0,0.0,0,0,0
1783747938,1,3,434119540,118323520,0.0,0.0,0,0,0
1783747943,1,1,118588094,433855036,0.0,0.0,0,0,0
1783747943,1,2,552177900,265160,0.0,0.0,0,0,0
1783747943,1,3,434119540,118323520,0.0,0.0,0,0,0
1783747948,1,1,118588094,433855036,0.0,0.0,0,0,0
1783747948,1,2,552177900,265160,0.0,0.0,0,0,0
1783747948,1,3,434119540,118323520,0.0,0.0,0,0,0
1783747953,1,1,118588094,433855036,0.0,0.0,0,0,0
1783747953,1,2,552177900,265160,0.0,0.0,0,0,0
1783747953,1,3,434119540,118323520,0.0,0.0,0,0,0
1783747958,1,1,118588094,433855036,0.0,0.0,0,0,0
1783747958,1,2,552177900,265160,0.0,0.0,0,0,0
1783747958,1,3,434119540,118323520,0.0,0.0,0,0,0
1783747963,1,1,118588094,433855036,0.0,0.0,0,0,0
1783747963,1,2,552177900,265160,0.0,0.0,0,0,0
1783747963,1,3,434119540,118323520,0.0,0.0,0,0,0
1783747968,1,1,118588094,433855036,0.0,0.0,0,0,0
1783747968,1,2,552177900,265160,0.0,0.0,0,0,0
1783747968,1,3,434119540,118323520,0.0,0.0,0,0,0
1783747973,1,1,118588094,433855036,0.0,0.0,0,0,0
1783747973,1,2,552177900,265160,0.0,0.0,0,0,0
1783747973,1,3,434119540,118323520,0.0,0.0,0,0,0
1783747978,1,1,118588094,433855036,0.0,0.0,0,0,0
1783747978,1,2,552177900,265160,0.0,0.0,0,0,0
1783747978,1,3,434119540,118323520,0.0,0.0,0,0,0
1783747983,1,1,118588094,433855036,0.0,0.0,0,0,0
1783747983,1,2,552177900,265160,0.0,0.0,0,0,0
1783747983,1,3,434119540,118323520,0.0,0.0,0,0,0
1783747988,1,1,118588164,433855036,0.11,0.0,0,0,0
1783747988,1,2,552177970,265160,0.11,0.0,0,0,0
1783747988,1,3,434119540,118323590,0.0,0.11,0,0,0
1783747993,1,1,118588164,433855036,0.0,0.0,0,0,0
1783747993,1,2,552177970,265160,0.0,0.0,0,0,0
1783747993,1,3,434119540,118323590,0.0,0.0,0,0,0
1783747998,1,1,118588164,433855036,0.0,0.0,0,0,0
1783747998,1,2,552177970,265160,0.0,0.0,0,0,0
1783747998,1,3,434119540,118323590,0.0,0.0,0,0,0
1783748003,1,1,118588164,433855036,0.0,0.0,0,0,0
1783748003,1,2,552177970,265160,0.0,0.0,0,0,0
1783748003,1,3,434119540,118323590,0.0,0.0,0,0,0
1783748008,1,1,118588164,433855036,0.0,0.0,0,0,0
1783748008,1,2,552177970,265160,0.0,0.0,0,0,0
1783748008,1,3,434119540,118323590,0.0,0.0,0,0,0
1783748013,1,1,118588164,433855036,0.0,0.0,0,0,0
1783748013,1,2,552177970,265160,0.0,0.0,0,0,0
1783748013,1,3,434119540,118323590,0.0,0.0,0,0,0
1783748018,1,1,118588164,433855036,0.0,0.0,0,0,0
1783748018,1,2,552177970,265160,0.0,0.0,0,0,0
1783748018,1,3,434119540,118323590,0.0,0.0,0,0,0
1783748023,1,1,118588164,433855036,0.0,0.0,0,0,0
1783748023,1,2,552177970,265160,0.0,0.0,0,0,0
1783748023,1,3,434119540,118323590,0.0,0.0,0,0,0
1783748028,1,1,118588164,433855036,0.0,0.0,0,0,0
1783748028,1,2,552177970,265160,0.0,0.0,0,0,0
1783748028,1,3,434119540,118323590,0.0,0.0,0,0,0
1783748033,1,1,118588164,433855036,0.0,0.0,0,0,0
1783748033,1,2,552177970,265160,0.0,0.0,0,0,0
1783748033,1,3,434119540,118323590,0.0,0.0,0,0,0
1783748038,1,1,118588234,433855036,0.11,0.0,0,0,0
1783748038,1,2,552178040,265230,0.11,0.11,0,0,0
1783748038,1,3,434119610,118323590,0.11,0.0,0,0,0
1783748043,1,1,118588234,433855036,0.0,0.0,0,0,0
1783748043,1,2,552178040,265230,0.0,0.0,0,0,0
1783748043,1,3,434119610,118323590,0.0,0.0,0,0,0
1783748048,1,1,118588234,433855036,0.0,0.0,0,0,0
1783748048,1,2,552178040,265230,0.0,0.0,0,0,0
1783748048,1,3,434119610,118323590,0.0,0.0,0,0,0
1783748053,1,1,118588234,433855106,0.0,0.11,0,0,0
1783748053,1,2,552178110,265230,0.11,0.0,0,0,0
1783748053,1,3,434119750,118323590,0.22,0.0,0,0,0
1783748058,1,1,118588234,433855106,0.0,0.0,0,0,0
1783748058,1,2,552178110,265230,0.0,0.0,0,0,0
1783748058,1,3,434119750,118323590,0.0,0.0,0,0,0
1783748063,1,1,118588234,433855106,0.0,0.0,0,0,0
1783748063,1,2,552178110,265230,0.0,0.0,0,0,0
1783748063,1,3,434119750,118323590,0.0,0.0,0,0,0
1783748068,1,1,118588234,433855106,0.0,0.0,0,0,0
1783748068,1,2,552178110,265230,0.0,0.0,0,0,0
1783748068,1,3,434119750,118323590,0.0,0.0,0,0,0
1783748073,1,1,118588234,433855106,0.0,0.0,0,0,0
1783748073,1,2,552178110,265230,0.0,0.0,0,0,0
1783748073,1,3,434119750,118323590,0.0,0.0,0,0,0
1783748078,1,1,118588234,433855106,0.0,0.0,0,0,0
1783748078,1,2,552178110,265230,0.0,0.0,0,0,0
1783748078,1,3,434119750,118323590,0.0,0.0,0,0,0
1783748083,1,1,118588234,433855106,0.0,0.0,0,0,0
1783748083,1,2,552178110,265230,0.0,0.0,0,0,0
1783748083,1,3,434119750,118323590,0.0,0.0,0,0,0
1783748088,1,1,118588234,433855106,0.0,0.0,0,0,0
1783748088,1,2,552178110,265230,0.0,0.0,0,0,0
1783748088,1,3,434119750,118323590,0.0,0.0,0,0,0
1783748093,1,1,118588234,433855106,0.0,0.0,0,0,0
1783748093,1,2,552178110,265230,0.0,0.0,0,0,0
1783748093,1,3,434119750,118323590,0.0,0.0,0,0,0
1783748098,1,1,118588234,433855106,0.0,0.0,0,0,0
1783748098,1,2,552178110,265230,0.0,0.0,0,0,0
1783748098,1,3,434119750,118323590,0.0,0.0,0,0,0
1783748103,1,1,118588234,433855106,0.0,0.0,0,0,0
1783748103,1,2,552178110,265230,0.0,0.0,0,0,0
1783748103,1,3,434119750,118323590,0.0,0.0,0,0,0
1783748108,1,1,118588234,433855106,0.0,0.0,0,0,0
1783748108,1,2,552178110,265230,0.0,0.0,0,0,0
1783748108,1,3,434119750,118323590,0.0,0.0,0,0,0
1783748113,1,1,118588234,433855106,0.0,0.0,0,0,0
1783748113,1,2,552178110,265230,0.0,0.0,0,0,0
1783748113,1,3,434119750,118323590,0.0,0.0,0,0,0
1783748118,1,1,118588234,433855106,0.0,0.0,0,0,0
1783748118,1,2,552178110,265230,0.0,0.0,0,0,0
1783748118,1,3,434119750,118323590,0.0,0.0,0,0,0
1783748123,1,1,118588234,433855106,0.0,0.0,0,0,0
1783748123,1,2,552178110,265230,0.0,0.0,0,0,0
1783748123,1,3,434119750,118323590,0.0,0.0,0,0,0
1783748128,1,1,118588234,433855106,0.0,0.0,0,0,0
1783748128,1,2,552178110,265230,0.0,0.0,0,0,0
1783748128,1,3,434119750,118323590,0.0,0.0,0,0,0
1783748133,1,1,118588234,433855106,0.0,0.0,0,0,0
1783748133,1,2,552178110,265230,0.0,0.0,0,0,0
1783748133,1,3,434119750,118323590,0.0,0.0,0,0,0
1783748138,1,1,118588234,433855106,0.0,0.0,0,0,0
1783748138,1,2,552178110,265230,0.0,0.0,0,0,0
1783748138,1,3,434119750,118323590,0.0,0.0,0,0,0
1783748143,1,1,118588234,433855106,0.0,0.0,0,0,0
1783748143,1,2,552178110,265230,0.0,0.0,0,0,0
1783748143,1,3,434119750,118323590,0.0,0.0,0,0,0
1783748148,1,1,118588234,433855106,0.0,0.0,0,0,0
1783748148,1,2,552178110,265230,0.0,0.0,0,0,0
1783748148,1,3,434119750,118323590,0.0,0.0,0,0,0
1783748153,1,1,118588234,433855106,0.0,0.0,0,0,0
1783748153,1,2,552178110,265230,0.0,0.0,0,0,0
1783748153,1,3,434119750,118323590,0.0,0.0,0,0,0
1783748158,1,1,118588234,433855106,0.0,0.0,0,0,0
1783748158,1,2,552178110,265230,0.0,0.0,0,0,0
1783748158,1,3,434119750,118323590,0.0,0.0,0,0,0
1783748163,1,1,118588234,433855106,0.0,0.0,0,0,0
1783748163,1,2,552178110,265230,0.0,0.0,0,0,0
1783748163,1,3,434119750,118323590,0.0,0.0,0,0,0
1783748168,1,1,118588234,433855106,0.0,0.0,0,0,0
1783748168,1,2,552178110,265230,0.0,0.0,0,0,0
1783748168,1,3,434119750,118323590,0.0,0.0,0,0,0
1783748173,1,1,118588234,433855106,0.0,0.0,0,0,0
1783748173,1,2,552178110,265230,0.0,0.0,0,0,0
1783748173,1,3,434119750,118323590,0.0,0.0,0,0,0
1783748178,1,1,118588234,433855106,0.0,0.0,0,0,0
1783748178,1,2,552178110,265230,0.0,0.0,0,0,0
1783748178,1,3,434119750,118323590,0.0,0.0,0,0,0
1783748183,1,1,118588234,433855106,0.0,0.0,0,0,0
1783748183,1,2,552178110,265230,0.0,0.0,0,0,0
1783748183,1,3,434119750,118323590,0.0,0.0,0,0,0
1783748188,1,1,118588234,433855106,0.0,0.0,0,0,0
1783748188,1,2,552178110,265230,0.0,0.0,0,0,0
1783748188,1,3,434119750,118323590,0.0,0.0,0,0,0
1783748193,1,1,118588234,433855106,0.0,0.0,0,0,0
1783748193,1,2,552178110,265230,0.0,0.0,0,0,0
1783748193,1,3,434119750,118323590,0.0,0.0,0,0,0
1783748198,1,1,118588234,433855106,0.0,0.0,0,0,0
1783748198,1,2,552178110,265230,0.0,0.0,0,0,0
1783748198,1,3,434119750,118323590,0.0,0.0,0,0,0
1783748203,1,1,118588234,433855106,0.0,0.0,0,0,0
1783748203,1,2,552178110,265230,0.0,0.0,0,0,0
1783748203,1,3,434119750,118323590,0.0,0.0,0,0,0
1783748208,1,1,118588234,433855106,0.0,0.0,0,0,0
1783748208,1,2,552178110,265230,0.0,0.0,0,0,0
1783748208,1,3,434119750,118323590,0.0,0.0,0,0,0
1783748213,1,1,118588234,433855106,0.0,0.0,0,0,0
1783748213,1,2,552178110,265230,0.0,0.0,0,0,0
1783748213,1,3,434119750,118323590,0.0,0.0,0,0,0
1783748218,1,1,118588234,433855106,0.0,0.0,0,0,0
1783748218,1,2,552178110,265230,0.0,0.0,0,0,0
1783748218,1,3,434119750,118323590,0.0,0.0,0,0,0
1783748223,1,1,118588234,433855106,0.0,0.0,0,0,0
1783748223,1,2,552178110,265230,0.0,0.0,0,0,0
1783748223,1,3,434119750,118323590,0.0,0.0,0,0,0
1783748228,1,1,118588234,433855106,0.0,0.0,0,0,0
1783748228,1,2,552178110,265230,0.0,0.0,0,0,0
1783748228,1,3,434119750,118323590,0.0,0.0,0,0,0
1783748233,1,1,118588234,433855106,0.0,0.0,0,0,0
1783748233,1,2,552178110,265230,0.0,0.0,0,0,0
1783748233,1,3,434119750,118323590,0.0,0.0,0,0,0
1783748238,1,1,118588234,433855106,0.0,0.0,0,0,0
1783748238,1,2,552178110,265230,0.0,0.0,0,0,0
1783748238,1,3,434119750,118323590,0.0,0.0,0,0,0
1783748243,1,1,118588234,433855106,0.0,0.0,0,0,0
1783748243,1,2,552178110,265230,0.0,0.0,0,0,0
1783748243,1,3,434119750,118323590,0.0,0.0,0,0,0
1783748248,1,1,118588234,433855106,0.0,0.0,0,0,0
1783748248,1,2,552178110,265230,0.0,0.0,0,0,0
1783748248,1,3,434119750,118323590,0.0,0.0,0,0,0
1783748253,1,1,118588234,433855106,0.0,0.0,0,0,0
1783748253,1,2,552178110,265230,0.0,0.0,0,0,0
1783748253,1,3,434119750,118323590,0.0,0.0,0,0,0
1783748258,1,1,118588234,433855106,0.0,0.0,0,0,0
1783748258,1,2,552178110,265230,0.0,0.0,0,0,0
1783748258,1,3,434119750,118323590,0.0,0.0,0,0,0
1783748263,1,1,118588234,433855106,0.0,0.0,0,0,0
1783748263,1,2,552178110,265230,0.0,0.0,0,0,0
1783748263,1,3,434119750,118323590,0.0,0.0,0,0,0
1783748268,1,1,118588234,433855106,0.0,0.0,0,0,0
1783748268,1,2,552178110,265230,0.0,0.0,0,0,0
1783748268,1,3,434119750,118323590,0.0,0.0,0,0,0
1783748273,1,1,118588234,433855106,0.0,0.0,0,0,0
1783748273,1,2,552178110,265230,0.0,0.0,0,0,0
1783748273,1,3,434119750,118323590,0.0,0.0,0,0,0
1783748278,1,1,118588234,433855106,0.0,0.0,0,0,0
1783748278,1,2,552178110,265230,0.0,0.0,0,0,0
1783748278,1,3,434119750,118323590,0.0,0.0,0,0,0
1783748283,1,1,118588234,433855106,0.0,0.0,0,0,0
1783748283,1,2,552178110,265230,0.0,0.0,0,0,0
1783748283,1,3,434119750,118323590,0.0,0.0,0,0,0
1783748288,1,1,118588234,433855106,0.0,0.0,0,0,0
1783748288,1,2,552178110,265230,0.0,0.0,0,0,0
1783748288,1,3,434119750,118323590,0.0,0.0,0,0,0
1783748293,1,1,118588234,433855106,0.0,0.0,0,0,0
1783748293,1,2,552178110,265230,0.0,0.0,0,0,0
1783748293,1,3,434119750,118323590,0.0,0.0,0,0,0
1783748298,1,1,118588234,433855106,0.0,0.0,0,0,0
1783748298,1,2,552178110,265230,0.0,0.0,0,0,0
1783748298,1,3,434119750,118323590,0.0,0.0,0,0,0
1783748303,1,1,118588234,433855106,0.0,0.0,0,0,0
1783748303,1,2,552178110,265230,0.0,0.0,0,0,0
1783748303,1,3,434119750,118323590,0.0,0.0,0,0,0
1783748308,1,1,118588234,433855106,0.0,0.0,0,0,0
1783748308,1,2,552178110,265230,0.0,0.0,0,0,0
1783748308,1,3,434119750,118323590,0.0,0.0,0,0,0
1783748313,1,1,118588234,433855106,0.0,0.0,0,0,0
1783748313,1,2,552178110,265230,0.0,0.0,0,0,0
1783748313,1,3,434119750,118323590,0.0,0.0,0,0,0
1783748318,1,1,118588234,433855106,0.0,0.0,0,0,0
1783748318,1,2,552178110,265230,0.0,0.0,0,0,0
1783748318,1,3,434119750,118323590,0.0,0.0,0,0,0
1783748323,1,1,118588234,433855106,0.0,0.0,0,0,0
1783748323,1,2,552178110,265230,0.0,0.0,0,0,0
1783748323,1,3,434119750,118323590,0.0,0.0,0,0,0
1783748328,1,1,118588234,433855106,0.0,0.0,0,0,0
1783748328,1,2,552178110,265230,0.0,0.0,0,0,0
1783748328,1,3,434119750,118323590,0.0,0.0,0,0,0
1783748333,1,1,118588304,433855106,0.11,0.0,0,0,0
1783748333,1,2,552178110,265230,0.0,0.0,0,0,0
1783748333,1,3,434119750,118323590,0.0,0.0,0,0,0
1783748338,1,1,118588304,433855106,0.0,0.0,0,0,0
1783748338,1,2,552178110,265230,0.0,0.0,0,0,0
1783748338,1,3,434119750,118323590,0.0,0.0,0,0,0
1783748343,1,1,118588304,433855106,0.0,0.0,0,0,0
1783748343,1,2,552178110,265230,0.0,0.0,0,0,0
1783748343,1,3,434119750,118323590,0.0,0.0,0,0,0
1783748348,1,1,118588304,433855106,0.0,0.0,0,0,0
1783748348,1,2,552178110,265230,0.0,0.0,0,0,0
1783748348,1,3,434119750,118323590,0.0,0.0,0,0,0
1783748353,1,1,118588304,433855106,0.0,0.0,0,0,0
1783748353,1,2,552178110,265230,0.0,0.0,0,0,0
1783748353,1,3,434119750,118323590,0.0,0.0,0,0,0
1783748358,1,1,118588304,433855106,0.0,0.0,0,0,0
1783748358,1,2,552178110,265230,0.0,0.0,0,0,0
1783748358,1,3,434119750,118323590,0.0,0.0,0,0,0
1783748363,1,1,118588304,433855106,0.0,0.0,0,0,0
1783748363,1,2,552178110,265230,0.0,0.0,0,0,0
1783748363,1,3,434119750,118323590,0.0,0.0,0,0,0
1783748368,1,1,118588304,433855106,0.0,0.0,0,0,0
1783748368,1,2,552178110,265230,0.0,0.0,0,0,0
1783748368,1,3,434119750,118323590,0.0,0.0,0,0,0
1783748373,1,1,118588304,433855106,0.0,0.0,0,0,0
1783748373,1,2,552178110,265230,0.0,0.0,0,0,0
1783748373,1,3,434119750,118323590,0.0,0.0,0,0,0
1783748378,1,1,118588304,433855106,0.0,0.0,0,0,0
1783748378,1,2,552178110,265230,0.0,0.0,0,0,0
1783748378,1,3,434119750,118323590,0.0,0.0,0,0,0
1783748383,1,1,118588304,433855106,0.0,0.0,0,0,0
1783748383,1,2,552178110,265230,0.0,0.0,0,0,0
1783748383,1,3,434119750,118323590,0.0,0.0,0,0,0
1783748388,1,1,118588304,433855106,0.0,0.0,0,0,0
1783748388,1,2,552178110,265230,0.0,0.0,0,0,0
1783748388,1,3,434119750,118323590,0.0,0.0,0,0,0
1783748393,1,1,118588304,433855106,0.0,0.0,0,0,0
1783748393,1,2,552178110,265230,0.0,0.0,0,0,0
1783748393,1,3,434119750,118323590,0.0,0.0,0,0,0
1783748398,1,1,118588304,433855106,0.0,0.0,0,0,0
1783748398,1,2,552178110,265230,0.0,0.0,0,0,0
1783748398,1,3,434119750,118323590,0.0,0.0,0,0,0
1783748403,1,1,118588304,433855106,0.0,0.0,0,0,0
1783748403,1,2,552178110,265230,0.0,0.0,0,0,0
1783748403,1,3,434119750,118323590,0.0,0.0,0,0,0
1783748408,1,1,118588304,433855106,0.0,0.0,0,0,0
1783748408,1,2,552178110,265230,0.0,0.0,0,0,0
1783748408,1,3,434119750,118323590,0.0,0.0,0,0,0
1783748413,1,1,118588304,433855106,0.0,0.0,0,0,0
1783748413,1,2,552178110,265230,0.0,0.0,0,0,0
1783748413,1,3,434119750,118323590,0.0,0.0,0,0,0
1783748418,1,1,118588304,433855106,0.0,0.0,0,0,0
1783748418,1,2,552178110,265230,0.0,0.0,0,0,0
1783748418,1,3,434119750,118323590,0.0,0.0,0,0,0
1783748423,1,1,118588304,433855106,0.0,0.0,0,0,0
1783748423,1,2,552178110,265230,0.0,0.0,0,0,0
1783748423,1,3,434119750,118323590,0.0,0.0,0,0,0
1783748428,1,1,118588304,433855106,0.0,0.0,0,0,0
1783748428,1,2,552178110,265230,0.0,0.0,0,0,0
1783748428,1,3,434119750,118323590,0.0,0.0,0,0,0
1783748433,1,1,118588304,433855106,0.0,0.0,0,0,0
1783748433,1,2,552178110,265230,0.0,0.0,0,0,0
1783748433,1,3,434119750,118323590,0.0,0.0,0,0,0
1783748438,1,1,118588304,433855106,0.0,0.0,0,0,0
1783748438,1,2,552178110,265230,0.0,0.0,0,0,0
1783748438,1,3,434119750,118323590,0.0,0.0,0,0,0
1783748443,1,1,118588304,433855106,0.0,0.0,0,0,0
1783748443,1,2,552178110,265230,0.0,0.0,0,0,0
1783748443,1,3,434119750,118323590,0.0,0.0,0,0,0
1783748448,1,1,118588304,433855106,0.0,0.0,0,0,0
1783748448,1,2,552178110,265230,0.0,0.0,0,0,0
1783748448,1,3,434119750,118323590,0.0,0.0,0,0,0
1783748453,1,1,118588304,433855106,0.0,0.0,0,0,0
1783748453,1,2,552178110,265230,0.0,0.0,0,0,0
1783748453,1,3,434119750,118323590,0.0,0.0,0,0,0
1783748458,1,1,118588304,433855106,0.0,0.0,0,0,0
1783748458,1,2,552178110,265230,0.0,0.0,0,0,0
1783748458,1,3,434119750,118323590,0.0,0.0,0,0,0
1783748463,1,1,118588304,433855106,0.0,0.0,0,0,0
1783748463,1,2,552178110,265230,0.0,0.0,0,0,0
1783748463,1,3,434119750,118323590,0.0,0.0,0,0,0
1783748468,1,1,118588304,433855106,0.0,0.0,0,0,0
1783748468,1,2,552178110,265230,0.0,0.0,0,0,0
1783748468,1,3,434119750,118323590,0.0,0.0,0,0,0
1783748473,1,1,118588304,433855106,0.0,0.0,0,0,0
1783748473,1,2,552178110,265230,0.0,0.0,0,0,0
1783748473,1,3,434119750,118323590,0.0,0.0,0,0,0
1783748478,1,1,118588374,433855106,0.11,0.0,0,0,0
1783748478,1,2,552178180,265230,0.11,0.0,0,0,0
1783748478,1,3,434119750,118323660,0.0,0.11,0,0,0
1783748483,1,1,118588374,433855106,0.0,0.0,0,0,0
1783748483,1,2,552178180,265230,0.0,0.0,0,0,0
1783748483,1,3,434119750,118323660,0.0,0.0,0,0,0
1783748488,1,1,118588374,433855106,0.0,0.0,0,0,0
1783748488,1,2,552178180,265230,0.0,0.0,0,0,0
1783748488,1,3,434119750,118323660,0.0,0.0,0,0,0
1783748493,1,1,118588374,433855106,0.0,0.0,0,0,0
1783748493,1,2,552178180,265230,0.0,0.0,0,0,0
1783748493,1,3,434119750,118323660,0.0,0.0,0,0,0
1783748498,1,1,118588374,433855106,0.0,0.0,0,0,0
1783748498,1,2,552178180,265230,0.0,0.0,0,0,0
1783748498,1,3,434119750,118323660,0.0,0.0,0,0,0
1783748503,1,1,118588374,433855106,0.0,0.0,0,0,0
1783748503,1,2,552178180,265230,0.0,0.0,0,0,0
1783748503,1,3,434119750,118323660,0.0,0.0,0,0,0
1783748508,1,1,118588374,433855106,0.0,0.0,0,0,0
1783748508,1,2,552178180,265230,0.0,0.0,0,0,0
1783748508,1,3,434119750,118323660,0.0,0.0,0,0,0
1783748513,1,1,118588374,433855106,0.0,0.0,0,0,0
1783748513,1,2,552178180,265230,0.0,0.0,0,0,0
1783748513,1,3,434119750,118323660,0.0,0.0,0,0,0
1783748518,1,1,118588374,433855106,0.0,0.0,0,0,0
1783748518,1,2,552178180,265230,0.0,0.0,0,0,0
1783748518,1,3,434119750,118323660,0.0,0.0,0,0,0
1783748523,1,1,118588374,433855106,0.0,0.0,0,0,0
1783748523,1,2,552178180,265230,0.0,0.0,0,0,0
1783748523,1,3,434119750,118323660,0.0,0.0,0,0,0
1783748528,1,1,118588374,433855106,0.0,0.0,0,0,0
1783748528,1,2,552178180,265230,0.0,0.0,0,0,0
1783748528,1,3,434119750,118323660,0.0,0.0,0,0,0
1783748533,1,1,118588374,433855106,0.0,0.0,0,0,0
1783748533,1,2,552178180,265230,0.0,0.0,0,0,0
1783748533,1,3,434119750,118323660,0.0,0.0,0,0,0
1783748538,1,1,118588374,433855106,0.0,0.0,0,0,0
1783748538,1,2,552178180,265230,0.0,0.0,0,0,0
1783748538,1,3,434119750,118323660,0.0,0.0,0,0,0
1783748543,1,1,118588374,433855106,0.0,0.0,0,0,0
1783748543,1,2,552178180,265230,0.0,0.0,0,0,0
1783748543,1,3,434119750,118323660,0.0,0.0,0,0,0
1783748548,1,1,118588374,433855106,0.0,0.0,0,0,0
1783748548,1,2,552178180,265230,0.0,0.0,0,0,0
1783748548,1,3,434119750,118323660,0.0,0.0,0,0,0
1783748553,1,1,118588374,433855106,0.0,0.0,0,0,0
1783748553,1,2,552178180,265230,0.0,0.0,0,0,0
1783748553,1,3,434119750,118323660,0.0,0.0,0,0,0
1783748558,1,1,118588374,433855106,0.0,0.0,0,0,0
1783748558,1,2,552178180,265230,0.0,0.0,0,0,0
1783748558,1,3,434119750,118323660,0.0,0.0,0,0,0
1783748563,1,1,118588374,433855176,0.0,0.11,0,0,0
1783748563,1,2,552178250,265230,0.11,0.0,0,0,0
1783748563,1,3,434119820,118323660,0.11,0.0,0,0,0
1783748568,1,1,118588374,433855176,0.0,0.0,0,0,0
1783748568,1,2,552178250,265230,0.0,0.0,0,0,0
1783748568,1,3,434119820,118323660,0.0,0.0,0,0,0
1783748573,1,1,118588374,433855176,0.0,0.0,0,0,0
1783748573,1,2,552178250,265230,0.0,0.0,0,0,0
1783748573,1,3,434119820,118323660,0.0,0.0,0,0,0
1783748578,1,1,118588444,433855176,0.11,0.0,0,0,0
1783748578,1,2,552178320,265300,0.11,0.11,0,0,0
1783748578,1,3,434119960,118323660,0.22,0.0,0,0,0
1783748583,1,1,118588444,433855176,0.0,0.0,0,0,0
1783748583,1,2,552178320,265300,0.0,0.0,0,0,0
1783748583,1,3,434119960,118323660,0.0,0.0,0,0,0
1783748588,1,1,118588444,433855176,0.0,0.0,0,0,0
1783748588,1,2,552178320,265300,0.0,0.0,0,0,0
1783748588,1,3,434119960,118323660,0.0,0.0,0,0,0
1783748593,1,1,118588444,433855176,0.0,0.0,0,0,0
1783748593,1,2,552178320,265300,0.0,0.0,0,0,0
1783748593,1,3,434119960,118323660,0.0,0.0,0,0,0
1783748598,1,1,118588444,433855176,0.0,0.0,0,0,0
1783748598,1,2,552178320,265300,0.0,0.0,0,0,0
1783748598,1,3,434119960,118323660,0.0,0.0,0,0,0
1783748603,1,1,118588444,433855176,0.0,0.0,0,0,0
1783748603,1,2,552178320,265300,0.0,0.0,0,0,0
1783748603,1,3,434119960,118323660,0.0,0.0,0,0,0
1783748608,1,1,118588444,433855176,0.0,0.0,0,0,0
1783748608,1,2,552178320,265300,0.0,0.0,0,0,0
1783748608,1,3,434119960,118323660,0.0,0.0,0,0,0
1783748613,1,1,118588444,433855176,0.0,0.0,0,0,0
1783748613,1,2,552178320,265300,0.0,0.0,0,0,0
1783748613,1,3,434119960,118323660,0.0,0.0,0,0,0
1783748618,1,1,118588444,433855176,0.0,0.0,0,0,0
1783748618,1,2,552178320,265300,0.0,0.0,0,0,0
1783748618,1,3,434119960,118323660,0.0,0.0,0,0,0
1783748623,1,1,118588444,433855176,0.0,0.0,0,0,0
1783748623,1,2,552178320,265300,0.0,0.0,0,0,0
1783748623,1,3,434119960,118323660,0.0,0.0,0,0,0
1783748628,1,1,118588444,433855176,0.0,0.0,0,0,0
1783748628,1,2,552178320,265300,0.0,0.0,0,0,0
1783748628,1,3,434119960,118323660,0.0,0.0,0,0,0
1783748633,1,1,118588444,433855176,0.0,0.0,0,0,0
1783748633,1,2,552178320,265300,0.0,0.0,0,0,0
1783748633,1,3,434119960,118323660,0.0,0.0,0,0,0
1783748638,1,1,118588444,433855176,0.0,0.0,0,0,0
1783748638,1,2,552178320,265300,0.0,0.0,0,0,0
1783748638,1,3,434119960,118323660,0.0,0.0,0,0,0
1783748643,1,1,118588444,433855176,0.0,0.0,0,0,0
1783748643,1,2,552178320,265300,0.0,0.0,0,0,0
1783748643,1,3,434119960,118323660,0.0,0.0,0,0,0
1783748648,1,1,118588444,433855176,0.0,0.0,0,0,0
1783748648,1,2,552178320,265300,0.0,0.0,0,0,0
1783748648,1,3,434119960,118323660,0.0,0.0,0,0,0
1783748653,1,1,118588444,433855176,0.0,0.0,0,0,0
1783748653,1,2,552178320,265300,0.0,0.0,0,0,0
1783748653,1,3,434119960,118323660,0.0,0.0,0,0,0
1783748658,1,1,118588444,433855176,0.0,0.0,0,0,0
1783748658,1,2,552178320,265300,0.0,0.0,0,0,0
1783748658,1,3,434119960,118323660,0.0,0.0,0,0,0
1783748663,1,1,118588444,433855176,0.0,0.0,0,0,0
1783748663,1,2,552178320,265300,0.0,0.0,0,0,0
1783748663,1,3,434119960,118323660,0.0,0.0,0,0,0
1783748668,1,1,118588444,433855176,0.0,0.0,0,0,0
1783748668,1,2,552178320,265300,0.0,0.0,0,0,0
1783748668,1,3,434119960,118323660,0.0,0.0,0,0,0
1783748673,1,1,118588444,433855176,0.0,0.0,0,0,0
1783748673,1,2,552178320,265300,0.0,0.0,0,0,0
1783748673,1,3,434119960,118323660,0.0,0.0,0,0,0
1783748678,1,1,118588444,433855176,0.0,0.0,0,0,0
1783748678,1,2,552178320,265300,0.0,0.0,0,0,0
1783748678,1,3,434119960,118323660,0.0,0.0,0,0,0
1783748683,1,1,118588444,433855176,0.0,0.0,0,0,0
1783748683,1,2,552178320,265300,0.0,0.0,0,0,0
1783748683,1,3,434119960,118323660,0.0,0.0,0,0,0
1783748688,1,1,118588444,433855176,0.0,0.0,0,0,0
1783748688,1,2,552178320,265300,0.0,0.0,0,0,0
1783748688,1,3,434119960,118323660,0.0,0.0,0,0,0
1783748693,1,1,118588444,433855176,0.0,0.0,0,0,0
1783748693,1,2,552178320,265300,0.0,0.0,0,0,0
1783748693,1,3,434119960,118323660,0.0,0.0,0,0,0
1783748698,1,1,118588444,433855176,0.0,0.0,0,0,0
1783748698,1,2,552178320,265300,0.0,0.0,0,0,0
1783748698,1,3,434119960,118323660,0.0,0.0,0,0,0
1783748703,1,1,118588444,433855176,0.0,0.0,0,0,0
1783748703,1,2,552178320,265300,0.0,0.0,0,0,0
1783748703,1,3,434119960,118323660,0.0,0.0,0,0,0
1783748708,1,1,118588444,433855176,0.0,0.0,0,0,0
1783748708,1,2,552178320,265300,0.0,0.0,0,0,0
1783748708,1,3,434119960,118323660,0.0,0.0,0,0,0
1783748713,1,1,118588444,433855176,0.0,0.0,0,0,0
1783748713,1,2,552178320,265300,0.0,0.0,0,0,0
1783748713,1,3,434119960,118323660,0.0,0.0,0,0,0
1783748718,1,1,118588444,433855176,0.0,0.0,0,0,0
1783748718,1,2,552178320,265300,0.0,0.0,0,0,0
1783748718,1,3,434119960,118323660,0.0,0.0,0,0,0
1783748723,1,1,118588444,433855176,0.0,0.0,0,0,0
1783748723,1,2,552178320,265300,0.0,0.0,0,0,0
1783748723,1,3,434119960,118323660,0.0,0.0,0,0,0
1783748728,1,1,118588444,433855176,0.0,0.0,0,0,0
1783748728,1,2,552178320,265300,0.0,0.0,0,0,0
1783748728,1,3,434119960,118323660,0.0,0.0,0,0,0
1783748733,1,1,118588444,433855176,0.0,0.0,0,0,0
1783748733,1,2,552178320,265300,0.0,0.0,0,0,0
1783748733,1,3,434119960,118323660,0.0,0.0,0,0,0
1783748738,1,1,118588444,433855176,0.0,0.0,0,0,0
1783748738,1,2,552178320,265300,0.0,0.0,0,0,0
1783748738,1,3,434119960,118323660,0.0,0.0,0,0,0
1783748743,1,1,118588444,433855176,0.0,0.0,0,0,0
1783748743,1,2,552178320,265300,0.0,0.0,0,0,0
1783748743,1,3,434119960,118323660,0.0,0.0,0,0,0
1783748748,1,1,118588444,433855176,0.0,0.0,0,0,0
1783748748,1,2,552178320,265300,0.0,0.0,0,0,0
1783748748,1,3,434119960,118323660,0.0,0.0,0,0,0
1783748753,1,1,118588444,433855176,0.0,0.0,0,0,0
1783748753,1,2,552178320,265300,0.0,0.0,0,0,0
1783748753,1,3,434119960,118323660,0.0,0.0,0,0,0
1783748758,1,1,118588444,433855176,0.0,0.0,0,0,0
1783748758,1,2,552178320,265300,0.0,0.0,0,0,0
1783748758,1,3,434119960,118323660,0.0,0.0,0,0,0
1783748763,1,1,118588444,433855176,0.0,0.0,0,0,0
1783748763,1,2,552178320,265300,0.0,0.0,0,0,0
1783748763,1,3,434119960,118323660,0.0,0.0,0,0,0
1783748768,1,1,118588444,433855176,0.0,0.0,0,0,0
1783748768,1,2,552178320,265300,0.0,0.0,0,0,0
1783748768,1,3,434119960,118323660,0.0,0.0,0,0,0
1783748773,1,1,118588444,433855176,0.0,0.0,0,0,0
1783748773,1,2,552178320,265300,0.0,0.0,0,0,0
1783748773,1,3,434119960,118323660,0.0,0.0,0,0,0
1783748778,1,1,118588444,433855176,0.0,0.0,0,0,0
1783748778,1,2,552178320,265300,0.0,0.0,0,0,0
1783748778,1,3,434119960,118323660,0.0,0.0,0,0,0
1783748783,1,1,118588444,433855176,0.0,0.0,0,0,0
1783748783,1,2,552178320,265300,0.0,0.0,0,0,0
1783748783,1,3,434119960,118323660,0.0,0.0,0,0,0
1783748788,1,1,118588444,433855176,0.0,0.0,0,0,0
1783748788,1,2,552178320,265300,0.0,0.0,0,0,0
1783748788,1,3,434119960,118323660,0.0,0.0,0,0,0
1783748793,1,1,118588444,433855176,0.0,0.0,0,0,0
1783748793,1,2,552178320,265300,0.0,0.0,0,0,0
1783748793,1,3,434119960,118323660,0.0,0.0,0,0,0
1783748798,1,1,118588444,433855176,0.0,0.0,0,0,0
1783748798,1,2,552178320,265300,0.0,0.0,0,0,0
1783748798,1,3,434119960,118323660,0.0,0.0,0,0,0
1783748803,1,1,118588444,433855176,0.0,0.0,0,0,0
1783748803,1,2,552178320,265300,0.0,0.0,0,0,0
1783748803,1,3,434119960,118323660,0.0,0.0,0,0,0
1783748808,1,1,118588444,433855176,0.0,0.0,0,0,0
1783748808,1,2,552178320,265300,0.0,0.0,0,0,0
1783748808,1,3,434119960,118323660,0.0,0.0,0,0,0
1783748813,1,1,118588444,433855176,0.0,0.0,0,0,0
1783748813,1,2,552178320,265300,0.0,0.0,0,0,0
1783748813,1,3,434119960,118323660,0.0,0.0,0,0,0
1783748818,1,1,118588444,433855176,0.0,0.0,0,0,0
1783748818,1,2,552178320,265300,0.0,0.0,0,0,0
1783748818,1,3,434119960,118323660,0.0,0.0,0,0,0
1783748823,1,1,118588444,433855176,0.0,0.0,0,0,0
1783748823,1,2,552178320,265300,0.0,0.0,0,0,0
1783748823,1,3,434119960,118323660,0.0,0.0,0,0,0
1783748828,1,1,118588444,433855176,0.0,0.0,0,0,0
1783748828,1,2,552178320,265300,0.0,0.0,0,0,0
1783748828,1,3,434119960,118323660,0.0,0.0,0,0,0
1783748833,1,1,118588444,433855176,0.0,0.0,0,0,0
1783748833,1,2,552178320,265300,0.0,0.0,0,0,0
1783748833,1,3,434119960,118323660,0.0,0.0,0,0,0
1783748838,1,1,118588444,433855176,0.0,0.0,0,0,0
1783748838,1,2,552178320,265300,0.0,0.0,0,0,0
1783748838,1,3,434119960,118323660,0.0,0.0,0,0,0
1783748843,1,1,118588444,433855176,0.0,0.0,0,0,0
1783748843,1,2,552178320,265300,0.0,0.0,0,0,0
1783748843,1,3,434119960,118323660,0.0,0.0,0,0,0
1783748848,1,1,118588444,433855176,0.0,0.0,0,0,0
1783748848,1,2,552178320,265300,0.0,0.0,0,0,0
1783748848,1,3,434119960,118323660,0.0,0.0,0,0,0
1783748853,1,1,118588444,433855176,0.0,0.0,0,0,0
1783748853,1,2,552178320,265300,0.0,0.0,0,0,0
1783748853,1,3,434119960,118323660,0.0,0.0,0,0,0
1783748858,1,1,118588444,433855176,0.0,0.0,0,0,0
1783748858,1,2,552178320,265300,0.0,0.0,0,0,0
1783748858,1,3,434119960,118323660,0.0,0.0,0,0,0
1783748863,1,1,118588444,433855176,0.0,0.0,0,0,0
1783748863,1,2,552178320,265300,0.0,0.0,0,0,0
1783748863,1,3,434119960,118323660,0.0,0.0,0,0,0
1783748868,1,1,118588444,433855176,0.0,0.0,0,0,0
1783748868,1,2,552178320,265300,0.0,0.0,0,0,0
1783748868,1,3,434119960,118323660,0.0,0.0,0,0,0
1783748873,1,1,118588444,433855176,0.0,0.0,0,0,0
1783748873,1,2,552178320,265300,0.0,0.0,0,0,0
1783748873,1,3,434119960,118323660,0.0,0.0,0,0,0
1783748878,1,1,118588444,433855176,0.0,0.0,0,0,0
1783748878,1,2,552178320,265300,0.0,0.0,0,0,0
1783748878,1,3,434119960,118323660,0.0,0.0,0,0,0
1783748883,1,1,118588444,433855176,0.0,0.0,0,0,0
1783748883,1,2,552178320,265300,0.0,0.0,0,0,0
1783748883,1,3,434119960,118323660,0.0,0.0,0,0,0
1783748888,1,1,118588444,433855176,0.0,0.0,0,0,0
1783748888,1,2,552178320,265300,0.0,0.0,0,0,0
1783748888,1,3,434119960,118323660,0.0,0.0,0,0,0
1783748893,1,1,118588444,433855176,0.0,0.0,0,0,0
1783748893,1,2,552178320,265300,0.0,0.0,0,0,0
1783748893,1,3,434119960,118323660,0.0,0.0,0,0,0
1783748898,1,1,118588444,433855176,0.0,0.0,0,0,0
1783748898,1,2,552178320,265300,0.0,0.0,0,0,0
1783748898,1,3,434119960,118323660,0.0,0.0,0,0,0
1783748903,1,1,118588444,433855176,0.0,0.0,0,0,0
1783748903,1,2,552178320,265300,0.0,0.0,0,0,0
1783748903,1,3,434119960,118323660,0.0,0.0,0,0,0
1783748908,1,1,118588444,433855176,0.0,0.0,0,0,0
1783748908,1,2,552178320,265300,0.0,0.0,0,0,0
1783748908,1,3,434119960,118323660,0.0,0.0,0,0,0
1783748913,1,1,118588444,433855176,0.0,0.0,0,0,0
1783748913,1,2,552178320,265300,0.0,0.0,0,0,0
1783748913,1,3,434119960,118323660,0.0,0.0,0,0,0
1783748918,1,1,118588444,433855176,0.0,0.0,0,0,0
1783748918,1,2,552178320,265300,0.0,0.0,0,0,0
1783748918,1,3,434119960,118323660,0.0,0.0,0,0,0
1783748923,1,1,118588444,433855176,0.0,0.0,0,0,0
1783748923,1,2,552178320,265300,0.0,0.0,0,0,0
1783748923,1,3,434119960,118323660,0.0,0.0,0,0,0
1783748928,1,1,118588444,433855176,0.0,0.0,0,0,0
1783748928,1,2,552178320,265300,0.0,0.0,0,0,0
1783748928,1,3,434119960,118323660,0.0,0.0,0,0,0
1783748933,1,1,118588444,433855176,0.0,0.0,0,0,0
1783748933,1,2,552178320,265300,0.0,0.0,0,0,0
1783748933,1,3,434119960,118323660,0.0,0.0,0,0,0
1783748938,1,1,118588444,433855176,0.0,0.0,0,0,0
1783748938,1,2,552178320,265300,0.0,0.0,0,0,0
1783748938,1,3,434119960,118323660,0.0,0.0,0,0,0
1783748943,1,1,118588444,433855176,0.0,0.0,0,0,0
1783748943,1,2,552178320,265300,0.0,0.0,0,0,0
1783748943,1,3,434119960,118323660,0.0,0.0,0,0,0
1783748948,1,1,118588444,433855176,0.0,0.0,0,0,0
1783748948,1,2,552178320,265300,0.0,0.0,0,0,0
1783748948,1,3,434119960,118323660,0.0,0.0,0,0,0
1783748953,1,1,118588444,433855176,0.0,0.0,0,0,0
1783748953,1,2,552178320,265300,0.0,0.0,0,0,0
1783748953,1,3,434119960,118323660,0.0,0.0,0,0,0
1783748958,1,1,118588444,433855176,0.0,0.0,0,0,0
1783748958,1,2,552178320,265300,0.0,0.0,0,0,0
1783748958,1,3,434119960,118323660,0.0,0.0,0,0,0
1783748963,1,1,118588444,433855176,0.0,0.0,0,0,0
1783748963,1,2,552178320,265300,0.0,0.0,0,0,0
1783748963,1,3,434119960,118323660,0.0,0.0,0,0,0
1783748968,1,1,118588444,433855176,0.0,0.0,0,0,0
1783748968,1,2,552178320,265300,0.0,0.0,0,0,0
1783748968,1,3,434119960,118323660,0.0,0.0,0,0,0
1783750040,1,1,118588444,433855176,0.0,0.0,0,0,0
1783750040,1,2,552178320,265300,0.0,0.0,0,0,0
1783750040,1,3,434119960,118323660,0.0,0.0,0,0,0
1783750045,1,1,118588444,433855176,0.0,0.0,0,0,0
1783750045,1,2,552178320,265300,0.0,0.0,0,0,0
1783750045,1,3,434119960,118323660,0.0,0.0,0,0,0
1783750050,1,1,118588444,433855176,0.0,0.0,0,0,0
1783750050,1,2,552178320,265300,0.0,0.0,0,0,0
1783750050,1,3,434119960,118323660,0.0,0.0,0,0,0
1783750055,1,1,118588444,433855176,0.0,0.0,0,0,0
1783750055,1,2,552178320,265300,0.0,0.0,0,0,0
1783750055,1,3,434119960,118323660,0.0,0.0,0,0,0
1783750060,1,1,118588444,433855176,0.0,0.0,0,0,0
1783750060,1,2,552178320,265300,0.0,0.0,0,0,0
1783750060,1,3,434119960,118323660,0.0,0.0,0,0,0
1783750065,1,1,118588444,433855176,0.0,0.0,0,0,0
1783750065,1,2,552178320,265300,0.0,0.0,0,0,0
1783750065,1,3,434119960,118323660,0.0,0.0,0,0,0
1783750070,1,1,118588444,433855176,0.0,0.0,0,0,0
1783750070,1,2,552178320,265300,0.0,0.0,0,0,0
1783750070,1,3,434119960,118323660,0.0,0.0,0,0,0
1783750075,1,1,118588444,433855176,0.0,0.0,0,0,0
1783750075,1,2,552178320,265300,0.0,0.0,0,0,0
1783750075,1,3,434119960,118323660,0.0,0.0,0,0,0
1783750080,1,1,118588444,433855176,0.0,0.0,0,0,0
1783750080,1,2,552178320,265300,0.0,0.0,0,0,0
1783750080,1,3,434119960,118323660,0.0,0.0,0,0,0
1783750085,1,1,118588444,433855176,0.0,0.0,0,0,0
1783750085,1,2,552178320,265300,0.0,0.0,0,0,0
1783750085,1,3,434119960,118323660,0.0,0.0,0,0,0
1783750090,1,1,118588444,433855176,0.0,0.0,0,0,0
1783750090,1,2,552178320,265300,0.0,0.0,0,0,0
1783750090,1,3,434119960,118323660,0.0,0.0,0,0,0
1783750095,1,1,118588444,433855176,0.0,0.0,0,0,0
1783750095,1,2,552178320,265300,0.0,0.0,0,0,0
1783750095,1,3,434119960,118323660,0.0,0.0,0,0,0
